Cattle_ID,Feed_Quantity_kg,Milk_Yield_L,Lactation_Stage
COW00000,31.0,19.83,Late
COW00001,14.6,21.81,Mid
COW00002,31.7,16.66,Early
COW00003,29.0,25.68,Early
COW00004,17.9,23.79,Mid
COW00005,24.8,19.39,Mid
COW00006,28.4,17.36,Mid
COW00007,19.7,16.21,Mid
COW00008,20.4,18.54,Mid
COW00009,25.3,17.21,Late
COW00010,16.6,18.52,Mid
COW00011,16.1,24.14,Mid
COW00012,18.5,24.92,Mid
COW00013,27.3,19.46,Late
COW00014,20.6,20.81,Mid
COW00015,23.1,22.6,Early
COW00016,17.5,23.68,Early
COW00017,17.5,16.18,Late
COW00018,25.7,19.55,Mid
COW00019,16.0,22.5,Late
COW00020,26.0,22.75,Mid
COW00021,21.2,21.97,Mid
COW00022,26.1,21.24,Mid
COW00023,20.9,17.79,Late
COW00024,29.2,24.08,Late
COW00025,15.0,21.03,Mid
COW00026,30.1,28.71,Early
COW00027,18.8,19.31,Early
COW00028,14.8,22.87,Mid
COW00029,24.1,28.82,Late
COW00030,18.0,21.49,Late
COW00031,22.3,20.64,Mid
COW00032,28.4,16.99,Mid
COW00033,28.2,24.55,Mid
COW00034,24.8,18.2,Late
COW00035,31.6,19.89,Mid
COW00036,22.3,20.64,Early
COW00037,14.7,20.0,Mid
COW00038,28.7,18.16,Mid
COW00039,18.0,24.02,Mid
COW00040,17.2,19.26,Late
COW00041,15.3,18.08,Late
COW00042,19.9,26.18,Early
COW00043,19.9,20.41,Early
COW00044,19.4,20.57,Mid
COW00045,24.7,23.73,Early
COW00046,27.5,20.76,Mid
COW00047,30.9,15.87,Early
COW00048,15.7,25.44,Early
COW00049,16.7,21.55,Late
COW00050,24.6,20.94,Early
COW00051,15.8,20.95,Late
COW00052,20.7,18.21,Mid
COW00053,25.2,20.2,Mid
COW00054,28.0,16.66,Early
COW00055,17.9,19.24,Early
COW00056,26.0,21.46,Mid
COW00057,25.6,24.39,Late
COW00058,29.5,19.38,Late
COW00059,19.6,23.56,Early
COW00060,27.5,22.47,Early
COW00061,27.5,18.01,Early
COW00062,18.3,18.38,Mid
COW00063,25.2,17.36,Early
COW00064,26.2,21.78,Early
COW00065,18.9,20.45,Late
COW00066,22.1,25.53,Late
COW00067,21.8,19.55,Mid
COW00068,27.9,15.7,Early
COW00069,14.0,22.81,Mid
COW00070,23.0,20.47,Early
COW00071,17.3,20.97,Mid
COW00072,25.6,25.03,Mid
COW00073,26.2,19.52,Early
COW00074,23.0,24.01,Late
COW00075,23.8,21.25,Mid
COW00076,19.7,17.74,Mid
COW00077,19.6,20.19,Early
COW00078,27.4,21.28,Mid
COW00079,16.4,25.48,Early
COW00080,27.9,22.52,Mid
COW00081,25.8,21.88,Early
COW00082,29.9,23.31,Mid
COW00083,18.7,20.75,Mid
COW00084,23.1,23.73,Mid
COW00085,14.7,20.77,Mid
COW00086,30.4,19.56,Mid
COW00087,26.2,19.47,Mid
COW00088,25.2,26.35,Mid
COW00089,27.2,27.0,Mid
COW00090,19.1,22.26,Early
COW00091,24.9,24.8,Mid
COW00092,28.4,17.15,Early
COW00093,15.6,17.53,Mid
COW00094,31.3,19.28,Mid
COW00095,30.1,20.61,Early
COW00096,31.3,19.68,Mid
COW00097,28.6,18.42,Mid
COW00098,19.3,25.46,Mid
COW00099,24.5,25.64,Late
COW00100,16.2,24.41,Early
COW00101,27.6,23.54,Early
COW00102,16.8,21.42,Early
COW00103,29.6,16.28,Mid
COW00104,18.3,20.92,Early
COW00105,16.9,26.33,Late
COW00106,15.3,19.67,Mid
COW00107,26.8,20.81,Mid
COW00108,17.4,25.11,Mid
COW00109,17.6,23.18,Mid
COW00110,17.1,18.94,Mid
COW00111,19.5,20.81,Mid
COW00112,30.9,20.84,Mid
COW00113,22.8,21.78,Mid
COW00114,18.7,23.07,Mid
COW00115,17.1,18.55,Mid
COW00116,14.3,22.5,Mid
COW00117,20.6,21.64,Mid
COW00118,16.0,24.61,Mid
COW00119,14.5,21.36,Early
COW00120,15.9,22.48,Mid
COW00121,19.7,23.08,Early
COW00122,27.5,21.48,Late
COW00123,15.2,16.48,Early
COW00124,26.2,20.8,Mid
COW00125,25.2,19.58,Early
COW00126,29.9,13.77,Early
COW00127,17.3,22.42,Mid
COW00128,28.3,15.67,Mid
COW00129,29.6,20.49,Early
COW00130,31.6,21.05,Early
COW00131,28.6,20.65,Early
COW00132,16.2,18.87,Mid
COW00133,31.0,20.85,Late
COW00134,28.7,20.06,Mid
COW00135,17.8,21.61,Mid
COW00136,17.0,22.25,Mid
COW00137,30.9,17.67,Mid
COW00138,16.8,23.5,Late
COW00139,28.0,21.21,Early
COW00140,21.3,20.61,Late
COW00141,27.0,27.93,Mid
COW00142,15.7,21.9,Mid
COW00143,27.1,19.45,Late
COW00144,23.2,19.68,Mid
COW00145,30.2,20.39,Late
COW00146,17.4,21.89,Late
COW00147,16.0,19.35,Early
COW00148,17.5,19.97,Mid
COW00149,15.4,18.16,Late
COW00150,31.6,19.33,Early
COW00151,16.2,16.46,Mid
COW00152,17.6,20.12,Early
COW00153,28.6,23.37,Early
COW00154,18.4,21.4,Mid
COW00155,18.0,26.21,Mid
COW00156,26.1,24.96,Mid
COW00157,21.2,21.37,Mid
COW00158,29.0,26.72,Early
COW00159,25.5,20.7,Mid
COW00160,19.2,21.75,Early
COW00161,24.8,21.81,Early
COW00162,29.6,26.1,Mid
COW00163,20.6,22.62,Mid
COW00164,27.3,20.1,Early
COW00165,21.5,24.18,Early
COW00166,23.8,16.93,Mid
COW00167,27.2,23.41,Early
COW00168,15.1,22.68,Late
COW00169,22.2,20.18,Mid
COW00170,15.7,20.42,Early
COW00171,27.1,15.54,Late
COW00172,24.9,22.24,Mid
COW00173,19.9,20.58,Late
COW00174,15.4,29.2,Mid
COW00175,30.7,23.05,Mid
COW00176,19.7,18.57,Mid
COW00177,19.0,17.99,Mid
COW00178,15.8,24.65,Mid
COW00179,24.4,20.63,Early
COW00180,18.8,17.86,Mid
COW00181,29.2,21.77,Early
COW00182,26.3,20.99,Mid
COW00183,14.1,23.98,Mid
COW00184,24.2,20.3,Late
COW00185,18.2,22.05,Early
COW00186,14.3,20.97,Mid
COW00187,25.1,23.4,Mid
COW00188,17.7,21.77,Mid
COW00189,30.2,23.22,Late
COW00190,24.3,21.44,Mid
COW00191,17.8,20.98,Mid
COW00192,31.6,21.95,Mid
COW00193,23.8,22.89,Early
COW00194,17.0,16.49,Mid
COW00195,23.3,14.1,Mid
COW00196,31.3,23.96,Early
COW00197,21.6,22.34,Mid
COW00198,21.7,18.85,Mid
COW00199,22.3,21.56,Early
COW00200,19.0,22.67,Mid
COW00201,16.9,19.64,Mid
COW00202,24.4,22.35,Mid
COW00203,30.1,20.27,Mid
COW00204,27.2,20.0,Mid
COW00205,15.7,19.58,Mid
COW00206,21.2,21.55,Early
COW00207,14.1,18.34,Early
COW00208,19.5,23.25,Early
COW00209,26.0,19.96,Early
COW00210,19.2,19.86,Early
COW00211,29.1,20.93,Mid
COW00212,22.6,21.46,Mid
COW00213,26.0,24.13,Early
COW00214,29.9,19.19,Mid
COW00215,26.3,16.0,Early
COW00216,30.2,20.17,Mid
COW00217,28.5,20.62,Late
COW00218,24.2,17.8,Mid
COW00219,19.4,17.64,Early
COW00220,19.4,19.3,Mid
COW00221,29.8,18.74,Mid
COW00222,15.0,17.62,Early
COW00223,30.9,24.29,Late
COW00224,19.9,19.57,Mid
COW00225,27.3,24.68,Early
COW00226,19.9,21.17,Mid
COW00227,31.2,22.76,Mid
COW00228,14.7,21.1,Mid
COW00229,20.4,14.8,Late
COW00230,29.6,18.28,Late
COW00231,18.9,19.69,Early
COW00232,19.0,19.21,Early
COW00233,30.2,16.73,Mid
COW00234,29.0,20.35,Mid
COW00235,15.9,19.35,Mid
COW00236,24.4,21.93,Early
COW00237,18.0,23.79,Late
COW00238,17.9,21.38,Mid
COW00239,25.1,24.66,Late
COW00240,16.2,20.46,Late
COW00241,22.5,23.46,Early
COW00242,18.6,19.38,Early
COW00243,29.4,26.62,Early
COW00244,24.0,18.98,Late
COW00245,17.9,20.57,Mid
COW00246,30.7,23.53,Late
COW00247,28.8,23.64,Mid
COW00248,18.8,23.87,Mid
COW00249,31.3,21.28,Late
COW00250,18.8,14.83,Mid
COW00251,19.3,23.48,Mid
COW00252,20.9,20.75,Mid
COW00253,17.0,24.26,Early
COW00254,26.4,15.74,Early
COW00255,24.0,21.16,Early
COW00256,30.1,19.82,Mid
COW00257,18.3,21.1,Mid
COW00258,17.1,21.92,Mid
COW00259,20.5,21.42,Early
COW00260,16.6,20.01,Mid
COW00261,31.0,19.07,Late
COW00262,26.9,20.07,Mid
COW00263,28.3,24.4,Late
COW00264,27.5,24.63,Early
COW00265,18.4,22.25,Early
COW00266,16.5,17.51,Mid
COW00267,21.7,21.08,Early
COW00268,28.9,28.4,Mid
COW00269,19.9,25.94,Mid
COW00270,14.2,13.59,Early
COW00271,25.9,19.75,Late
COW00272,17.6,22.57,Early
COW00273,23.8,19.35,Mid
COW00274,14.3,19.89,Mid
COW00275,23.2,21.88,Mid
COW00276,21.1,21.7,Early
COW00277,29.8,18.62,Late
COW00278,27.0,22.12,Late
COW00279,14.6,19.97,Mid
COW00280,28.2,18.33,Mid
COW00281,28.2,25.9,Mid
COW00282,25.9,18.42,Mid
COW00283,30.7,19.03,Mid
COW00284,28.5,20.79,Mid
COW00285,17.9,25.87,Late
COW00286,20.9,18.23,Mid
COW00287,20.3,16.69,Early
COW00288,23.1,19.82,Late
COW00289,31.2,23.65,Early
COW00290,25.1,22.84,Early
COW00291,19.6,26.1,Late
COW00292,30.9,24.07,Early
COW00293,26.6,21.18,Early
COW00294,18.8,20.58,Mid
COW00295,30.3,26.39,Late
COW00296,20.2,22.26,Early
COW00297,23.3,22.11,Mid
COW00298,22.6,19.05,Early
COW00299,30.6,16.56,Mid
COW00300,18.8,19.09,Mid
COW00301,20.0,20.25,Early
COW00302,25.9,20.78,Late
COW00303,30.0,19.42,Mid
COW00304,16.1,17.57,Late
COW00305,17.8,16.25,Late
COW00306,31.1,20.51,Late
COW00307,28.0,22.75,Mid
COW00308,20.2,18.96,Mid
COW00309,20.4,21.7,Late
COW00310,22.5,22.33,Mid
COW00311,26.1,25.34,Early
COW00312,24.1,17.04,Mid
COW00313,28.0,22.94,Mid
COW00314,15.0,24.39,Mid
COW00315,28.7,20.14,Mid
COW00316,15.0,20.42,Mid
COW00317,29.9,21.86,Early
COW00318,14.8,16.9,Early
COW00319,16.3,23.51,Late
COW00320,17.2,22.08,Mid
COW00321,18.0,21.65,Mid
COW00322,21.2,16.49,Mid
COW00323,25.8,20.43,Late
COW00324,30.1,25.23,Mid
COW00325,23.4,27.19,Mid
COW00326,23.6,25.14,Early
COW00327,19.7,15.28,Late
COW00328,28.4,21.81,Mid
COW00329,16.0,21.53,Mid
COW00330,19.4,20.88,Early
COW00331,15.7,19.47,Mid
COW00332,17.9,17.17,Mid
COW00333,24.6,20.43,Mid
COW00334,16.3,21.65,Mid
COW00335,15.8,22.03,Mid
COW00336,28.9,21.84,Mid
COW00337,16.1,21.62,Late
COW00338,24.9,21.17,Early
COW00339,20.3,22.12,Mid
COW00340,30.1,21.07,Early
COW00341,26.7,21.75,Early
COW00342,15.1,25.86,Late
COW00343,30.1,21.68,Early
COW00344,21.5,21.57,Late
COW00345,19.4,19.37,Mid
COW00346,26.1,20.95,Mid
COW00347,26.9,20.17,Early
COW00348,19.5,21.16,Mid
COW00349,20.3,20.16,Late
COW00350,16.8,19.5,Mid
COW00351,24.7,15.88,Mid
COW00352,31.2,21.68,Mid
COW00353,21.5,23.01,Mid
COW00354,31.9,20.79,Early
COW00355,17.2,15.57,Mid
COW00356,28.3,22.56,Mid
COW00357,30.7,22.6,Mid
COW00358,26.4,18.04,Mid
COW00359,16.0,23.41,Mid
COW00360,19.9,16.02,Late
COW00361,15.5,24.76,Mid
COW00362,24.8,21.86,Mid
COW00363,32.0,16.36,Late
COW00364,20.7,19.83,Early
COW00365,16.9,21.36,Mid
COW00366,18.8,21.07,Mid
COW00367,24.3,20.87,Mid
COW00368,24.2,18.46,Late
COW00369,18.1,20.26,Mid
COW00370,27.5,17.36,Mid
COW00371,15.6,25.03,Mid
COW00372,25.2,19.83,Early
COW00373,21.7,19.98,Late
COW00374,16.3,19.17,Early
COW00375,25.4,22.13,Mid
COW00376,26.1,18.7,Mid
COW00377,21.9,21.81,Early
COW00378,28.4,21.4,Early
COW00379,23.2,18.82,Mid
COW00380,19.1,16.17,Early
COW00381,31.2,19.72,Late
COW00382,31.0,22.09,Late
COW00383,15.7,20.07,Early
COW00384,31.0,16.47,Late
COW00385,28.0,18.1,Mid
COW00386,15.9,22.19,Early
COW00387,23.3,16.35,Mid
COW00388,14.6,21.02,Late
COW00389,24.6,18.71,Mid
COW00390,30.8,18.48,Early
COW00391,20.6,21.47,Mid
COW00392,23.2,19.73,Mid
COW00393,18.1,19.4,Mid
COW00394,23.7,25.53,Mid
COW00395,28.4,23.1,Late
COW00396,17.9,14.76,Mid
COW00397,24.0,18.01,Early
COW00398,20.4,22.94,Late
COW00399,27.5,19.13,Mid
COW00400,26.6,25.42,Mid
COW00401,26.6,22.19,Mid
COW00402,20.8,23.33,Mid
COW00403,24.8,19.58,Early
COW00404,25.7,23.19,Mid
COW00405,26.3,18.66,Late
COW00406,24.4,24.62,Late
COW00407,29.6,22.1,Mid
COW00408,18.5,18.87,Early
COW00409,15.0,21.79,Mid
COW00410,31.3,26.99,Mid
COW00411,15.1,19.75,Mid
COW00412,30.3,21.86,Mid
COW00413,25.0,18.12,Mid
COW00414,30.5,18.75,Early
COW00415,24.2,16.26,Mid
COW00416,28.8,21.85,Mid
COW00417,27.0,22.13,Mid
COW00418,23.5,27.02,Early
COW00419,20.5,15.65,Late
COW00420,14.1,21.28,Mid
COW00421,18.5,26.37,Mid
COW00422,31.1,20.66,Mid
COW00423,19.0,21.45,Mid
COW00424,27.5,17.53,Mid
COW00425,23.2,18.62,Mid
COW00426,19.6,15.9,Mid
COW00427,31.8,20.26,Mid
COW00428,14.8,15.65,Early
COW00429,24.5,22.58,Late
COW00430,22.3,19.07,Mid
COW00431,15.4,19.79,Early
COW00432,17.9,19.36,Mid
COW00433,26.5,18.15,Early
COW00434,15.9,19.98,Late
COW00435,28.4,17.08,Mid
COW00436,25.3,20.5,Early
COW00437,15.8,24.39,Early
COW00438,19.2,19.89,Early
COW00439,16.5,18.9,Early
COW00440,28.4,20.27,Early
COW00441,23.6,17.05,Mid
COW00442,14.1,20.57,Mid
COW00443,23.8,20.55,Mid
COW00444,22.7,19.96,Early
COW00445,25.6,18.8,Early
COW00446,14.6,20.19,Early
COW00447,14.6,23.81,Early
COW00448,20.3,24.01,Mid
COW00449,26.4,19.18,Early
COW00450,26.0,19.14,Mid
COW00451,19.0,20.58,Late
COW00452,17.9,24.24,Early
COW00453,26.3,17.18,Early
COW00454,14.5,23.17,Mid
COW00455,24.0,20.17,Mid
COW00456,21.6,18.37,Early
COW00457,18.3,26.19,Mid
COW00458,23.4,21.25,Mid
COW00459,17.9,16.63,Late
COW00460,24.2,20.13,Late
COW00461,16.7,24.46,Mid
COW00462,21.3,18.82,Mid
COW00463,23.2,24.99,Mid
COW00464,14.6,17.87,Late
COW00465,25.0,18.09,Mid
COW00466,27.5,21.59,Mid
COW00467,31.2,18.63,Early
COW00468,17.7,23.49,Mid
COW00469,17.8,22.87,Mid
COW00470,19.5,17.91,Late
COW00471,30.0,21.07,Early
COW00472,21.3,19.36,Late
COW00473,19.4,23.75,Early
COW00474,27.3,25.22,Mid
COW00475,14.7,22.28,Mid
COW00476,23.9,22.84,Mid
COW00477,22.1,18.5,Mid
COW00478,25.2,21.21,Early
COW00479,27.2,18.99,Early
COW00480,19.8,17.75,Late
COW00481,25.5,22.51,Early
COW00482,23.4,19.06,Mid
COW00483,16.4,17.28,Mid
COW00484,29.9,23.81,Early
COW00485,27.6,19.39,Late
COW00486,30.6,20.0,Mid
COW00487,27.0,24.22,Mid
COW00488,18.4,16.28,Late
COW00489,21.7,26.9,Mid
COW00490,21.0,19.14,Late
COW00491,14.6,22.25,Early
COW00492,21.4,18.54,Early
COW00493,20.2,18.86,Mid
COW00494,14.1,24.61,Early
COW00495,29.2,25.17,Mid
COW00496,16.6,20.55,Mid
COW00497,23.0,21.09,Mid
COW00498,28.1,21.16,Late
COW00499,24.9,25.3,Early
COW00500,17.0,15.11,Early
COW00501,25.1,22.13,Mid
COW00502,27.6,19.11,Mid
COW00503,29.4,15.37,Late
COW00504,19.7,19.43,Early
COW00505,14.6,26.71,Late
COW00506,24.9,20.33,Mid
COW00507,18.1,22.81,Late
COW00508,28.1,23.62,Early
COW00509,26.2,21.61,Mid
COW00510,27.9,21.11,Mid
COW00511,31.4,17.14,Mid
COW00512,24.5,19.87,Early
COW00513,30.3,25.5,Mid
COW00514,25.6,20.05,Mid
COW00515,17.3,21.83,Mid
COW00516,28.4,19.95,Mid
COW00517,26.5,25.63,Early
COW00518,31.6,22.09,Late
COW00519,18.4,26.27,Mid
COW00520,20.0,21.85,Mid
COW00521,28.8,24.09,Late
COW00522,15.1,17.62,Mid
COW00523,25.4,21.8,Early
COW00524,23.6,19.48,Mid
COW00525,17.0,21.26,Late
COW00526,17.0,24.57,Early
COW00527,28.6,20.61,Mid
COW00528,14.3,23.63,Early
COW00529,27.4,18.34,Late
COW00530,27.2,20.11,Mid
COW00531,25.7,21.06,Late
COW00532,21.4,20.57,Mid
COW00533,14.5,21.54,Early
COW00534,28.4,19.47,Mid
COW00535,16.3,23.82,Late
COW00536,19.1,21.0,Early
COW00537,31.0,23.71,Early
COW00538,19.4,21.27,Mid
COW00539,18.6,23.37,Mid
COW00540,31.5,22.73,Early
COW00541,15.5,17.12,Early
COW00542,16.9,22.03,Mid
COW00543,21.9,25.61,Mid
COW00544,28.2,20.86,Mid
COW00545,29.9,23.15,Mid
COW00546,27.6,23.2,Late
COW00547,31.6,21.49,Early
COW00548,14.3,23.32,Mid
COW00549,25.2,23.76,Mid
COW00550,16.1,22.33,Mid
COW00551,30.4,19.79,Mid
COW00552,30.8,22.83,Mid
COW00553,19.5,20.75,Late
COW00554,28.9,21.63,Early
COW00555,25.3,25.09,Early
COW00556,15.8,19.88,Mid
COW00557,24.8,17.34,Mid
COW00558,31.6,24.2,Early
COW00559,19.5,18.44,Late
COW00560,14.0,16.93,Mid
COW00561,31.6,21.26,Mid
COW00562,21.5,22.21,Mid
COW00563,21.8,21.71,Early
COW00564,26.8,19.02,Mid
COW00565,24.9,16.0,Mid
COW00566,19.4,18.41,Late
COW00567,15.8,17.74,Mid
COW00568,28.9,18.82,Early
COW00569,22.7,22.08,Early
COW00570,26.1,21.32,Early
COW00571,29.5,21.5,Late
COW00572,14.3,22.1,Mid
COW00573,29.5,20.4,Late
COW00574,27.5,20.85,Late
COW00575,31.0,21.26,Early
COW00576,18.2,21.34,Mid
COW00577,19.8,23.27,Mid
COW00578,25.9,14.38,Early
COW00579,30.7,22.02,Mid
COW00580,31.9,21.38,Mid
COW00581,21.5,23.6,Late
COW00582,23.7,18.8,Early
COW00583,17.1,18.29,Late
COW00584,26.5,17.44,Late
COW00585,29.1,22.23,Late
COW00586,28.4,18.9,Early
COW00587,20.2,18.27,Early
COW00588,31.3,22.99,Mid
COW00589,16.2,18.88,Mid
COW00590,22.9,20.05,Early
COW00591,24.0,22.47,Mid
COW00592,23.7,24.36,Early
COW00593,27.6,25.66,Mid
COW00594,25.0,23.7,Late
COW00595,15.4,21.62,Mid
COW00596,17.2,20.8,Late
COW00597,23.6,18.31,Mid
COW00598,26.5,21.64,Mid
COW00599,23.3,19.43,Early
COW00600,20.4,19.33,Mid
COW00601,14.9,24.83,Mid
COW00602,28.1,24.96,Late
COW00603,22.9,21.7,Late
COW00604,23.7,25.77,Early
COW00605,22.4,19.81,Early
COW00606,18.8,17.55,Mid
COW00607,19.0,23.47,Mid
COW00608,15.1,19.73,Early
COW00609,26.7,20.64,Early
COW00610,18.9,16.8,Early
COW00611,19.4,18.02,Mid
COW00612,31.9,16.02,Early
COW00613,20.9,20.1,Mid
COW00614,23.2,20.85,Mid
COW00615,21.0,20.79,Mid
COW00616,19.2,23.98,Mid
COW00617,14.1,22.74,Early
COW00618,29.4,13.75,Late
COW00619,22.5,21.04,Mid
COW00620,27.0,22.23,Late
COW00621,31.3,21.78,Mid
COW00622,14.1,19.34,Mid
COW00623,26.2,22.2,Early
COW00624,16.1,21.05,Mid
COW00625,22.2,21.17,Mid
COW00626,29.2,24.16,Mid
COW00627,15.3,19.17,Early
COW00628,31.8,18.52,Early
COW00629,24.5,21.67,Early
COW00630,21.1,19.1,Mid
COW00631,14.4,17.55,Mid
COW00632,24.6,20.82,Late
COW00633,22.9,25.82,Early
COW00634,17.9,20.59,Early
COW00635,22.8,22.98,Early
COW00636,14.2,16.39,Early
COW00637,32.0,21.47,Mid
COW00638,20.0,20.15,Early
COW00639,22.6,21.04,Late
COW00640,28.1,22.49,Late
COW00641,26.8,20.13,Mid
COW00642,30.0,18.18,Late
COW00643,30.9,23.23,Mid
COW00644,17.4,24.41,Late
COW00645,21.0,20.19,Early
COW00646,26.4,20.8,Late
COW00647,14.8,20.29,Early
COW00648,26.9,22.56,Mid
COW00649,14.1,18.67,Late
COW00650,30.5,23.49,Mid
COW00651,26.9,20.58,Early
COW00652,24.2,22.18,Early
COW00653,21.7,20.42,Early
COW00654,31.8,20.81,Mid
COW00655,27.3,25.3,Mid
COW00656,28.5,18.24,Mid
COW00657,28.9,23.12,Late
COW00658,14.4,24.47,Early
COW00659,15.0,23.57,Late
COW00660,17.6,17.8,Mid
COW00661,25.8,18.58,Mid
COW00662,25.2,17.03,Mid
COW00663,19.9,21.16,Late
COW00664,31.5,22.33,Early
COW00665,15.7,18.78,Mid
COW00666,28.0,21.64,Late
COW00667,22.7,18.98,Mid
COW00668,21.5,21.27,Early
COW00669,14.5,26.33,Mid
COW00670,27.1,18.98,Mid
COW00671,27.9,21.6,Early
COW00672,19.7,18.6,Mid
COW00673,23.3,22.02,Late
COW00674,24.9,20.93,Mid
COW00675,20.6,19.17,Early
COW00676,25.1,21.11,Mid
COW00677,21.8,18.89,Mid
COW00678,29.8,22.77,Mid
COW00679,26.9,29.17,Mid
COW00680,16.0,23.04,Mid
COW00681,28.4,19.79,Late
COW00682,20.1,22.12,Mid
COW00683,30.8,18.21,Late
COW00684,24.9,21.69,Mid
COW00685,14.5,22.67,Early
COW00686,27.2,19.42,Mid
COW00687,16.4,25.72,Early
COW00688,29.8,21.3,Mid
COW00689,31.1,23.73,Early
COW00690,26.5,21.72,Mid
COW00691,23.6,21.91,Mid
COW00692,24.8,18.09,Mid
COW00693,21.7,19.83,Mid
COW00694,15.5,22.38,Early
COW00695,30.7,20.27,Mid
COW00696,19.9,23.18,Mid
COW00697,19.6,18.3,Late
COW00698,17.4,22.42,Late
COW00699,31.9,20.19,Late
COW00700,31.0,18.22,Early
COW00701,20.3,20.33,Early
COW00702,18.7,24.13,Mid
COW00703,28.5,18.01,Mid
COW00704,21.6,18.19,Mid
COW00705,31.4,22.8,Mid
COW00706,30.2,27.52,Mid
COW00707,27.7,18.45,Mid
COW00708,15.6,22.18,Late
COW00709,26.6,21.7,Early
COW00710,31.8,19.5,Late
COW00711,20.7,21.1,Mid
COW00712,29.9,20.34,Early
COW00713,21.3,19.64,Late
COW00714,31.5,17.49,Late
COW00715,25.8,21.63,Mid
COW00716,15.7,24.43,Early
COW00717,22.6,22.32,Early
COW00718,14.9,24.18,Mid
COW00719,21.1,22.88,Early
COW00720,30.5,22.28,Early
COW00721,18.2,19.94,Mid
COW00722,31.1,18.53,Early
COW00723,15.8,15.59,Mid
COW00724,26.0,19.33,Mid
COW00725,31.4,20.61,Early
COW00726,25.8,25.93,Mid
COW00727,30.2,20.93,Early
COW00728,31.8,21.44,Early
COW00729,25.6,18.72,Mid
COW00730,28.1,21.93,Mid
COW00731,14.6,22.67,Mid
COW00732,21.7,19.81,Mid
COW00733,19.2,23.08,Mid
COW00734,28.8,20.45,Mid
COW00735,26.2,21.8,Mid
COW00736,25.1,17.58,Mid
COW00737,30.8,25.31,Mid
COW00738,15.6,18.75,Early
COW00739,31.2,22.58,Mid
COW00740,15.8,20.4,Mid
COW00741,20.2,21.24,Early
COW00742,25.3,21.28,Mid
COW00743,20.1,22.26,Mid
COW00744,26.3,23.84,Early
COW00745,28.0,23.74,Late
COW00746,28.9,24.82,Mid
COW00747,17.2,22.44,Mid
COW00748,17.3,26.06,Late
COW00749,14.9,20.32,Late
COW00750,22.8,24.64,Mid
COW00751,16.5,22.41,Mid
COW00752,19.7,19.93,Early
COW00753,29.1,23.42,Early
COW00754,31.1,22.19,Late
COW00755,28.8,21.51,Mid
COW00756,14.0,22.78,Late
COW00757,24.2,23.51,Early
COW00758,17.0,19.61,Early
COW00759,20.8,12.96,Early
COW00760,21.7,24.88,Mid
COW00761,31.0,20.28,Early
COW00762,25.4,19.25,Mid
COW00763,18.8,17.68,Late
COW00764,25.6,19.45,Mid
COW00765,31.1,20.49,Mid
COW00766,15.1,20.1,Early
COW00767,28.7,20.51,Mid
COW00768,17.9,23.82,Mid
COW00769,16.8,26.75,Early
COW00770,30.2,24.32,Mid
COW00771,14.0,22.85,Late
COW00772,27.3,17.31,Early
COW00773,15.6,23.54,Late
COW00774,25.1,21.71,Early
COW00775,25.2,18.57,Early
COW00776,29.5,20.43,Early
COW00777,28.8,22.28,Late
COW00778,26.3,22.9,Mid
COW00779,20.8,21.41,Mid
COW00780,17.0,19.65,Mid
COW00781,25.4,20.29,Late
COW00782,22.9,15.35,Mid
COW00783,15.4,21.38,Mid
COW00784,31.2,22.77,Mid
COW00785,19.7,20.52,Mid
COW00786,14.0,18.77,Mid
COW00787,30.2,22.11,Early
COW00788,24.4,22.34,Late
COW00789,27.2,17.67,Early
COW00790,16.7,18.49,Late
COW00791,21.3,22.56,Mid
COW00792,25.6,26.34,Early
COW00793,18.5,18.61,Mid
COW00794,26.6,23.93,Mid
COW00795,18.2,22.18,Mid
COW00796,17.8,20.98,Late
COW00797,14.2,24.73,Mid
COW00798,19.1,25.27,Early
COW00799,18.4,25.56,Mid
COW00800,27.8,18.42,Mid
COW00801,24.3,26.3,Late
COW00802,17.2,20.31,Mid
COW00803,24.2,26.44,Late
COW00804,18.1,24.12,Early
COW00805,21.7,25.78,Mid
COW00806,30.0,21.53,Mid
COW00807,26.9,22.08,Mid
COW00808,25.7,23.26,Early
COW00809,19.1,17.88,Mid
COW00810,16.2,19.74,Mid
COW00811,27.6,15.06,Early
COW00812,24.2,21.95,Early
COW00813,25.2,19.91,Mid
COW00814,31.6,21.25,Early
COW00815,20.3,25.93,Mid
COW00816,28.4,22.82,Late
COW00817,24.1,18.39,Mid
COW00818,18.2,22.66,Mid
COW00819,15.0,21.13,Mid
COW00820,25.1,19.96,Early
COW00821,19.4,22.25,Mid
COW00822,26.5,22.09,Early
COW00823,26.6,18.7,Early
COW00824,22.2,19.66,Early
COW00825,23.7,20.84,Mid
COW00826,25.3,22.71,Early
COW00827,22.4,21.82,Early
COW00828,29.8,20.43,Late
COW00829,15.4,17.95,Early
COW00830,31.6,23.56,Mid
COW00831,14.6,21.82,Mid
COW00832,17.7,26.81,Mid
COW00833,26.7,18.25,Early
COW00834,15.5,23.11,Early
COW00835,18.7,21.69,Late
COW00836,16.8,25.56,Mid
COW00837,27.0,18.02,Early
COW00838,24.4,23.89,Mid
COW00839,15.2,16.83,Mid
COW00840,22.3,24.93,Early
COW00841,17.8,21.17,Mid
COW00842,31.4,20.08,Mid
COW00843,15.9,22.61,Mid
COW00844,24.8,21.99,Late
COW00845,22.7,17.19,Mid
COW00846,24.4,23.81,Late
COW00847,31.2,24.5,Mid
COW00848,20.1,20.62,Mid
COW00849,27.5,27.34,Mid
COW00850,22.1,22.87,Mid
COW00851,25.9,20.82,Early
COW00852,20.6,20.23,Late
COW00853,18.1,20.37,Late
COW00854,15.5,16.7,Early
COW00855,15.8,20.85,Mid
COW00856,31.3,19.98,Mid
COW00857,28.2,17.58,Late
COW00858,18.4,25.81,Mid
COW00859,23.5,20.83,Early
COW00860,26.9,19.97,Mid
COW00861,20.3,21.68,Early
COW00862,21.9,22.21,Mid
COW00863,26.9,21.88,Mid
COW00864,18.1,17.49,Mid
COW00865,23.5,22.59,Early
COW00866,17.8,19.34,Mid
COW00867,14.1,20.12,Mid
COW00868,26.4,21.04,Mid
COW00869,26.7,22.16,Early
COW00870,31.9,22.18,Early
COW00871,17.3,18.63,Late
COW00872,27.3,22.17,Mid
COW00873,31.1,17.81,Mid
COW00874,25.6,18.93,Mid
COW00875,31.3,21.16,Late
COW00876,31.9,28.15,Mid
COW00877,28.4,22.94,Early
COW00878,32.0,22.08,Early
COW00879,25.3,26.47,Early
COW00880,22.9,20.76,Late
COW00881,30.5,26.94,Mid
COW00882,29.0,18.35,Mid
COW00883,16.0,17.74,Mid
COW00884,19.4,21.98,Late
COW00885,18.7,20.19,Late
COW00886,29.4,17.63,Mid
COW00887,18.2,26.49,Early
COW00888,19.5,21.79,Early
COW00889,23.3,22.92,Mid
COW00890,15.4,19.59,Mid
COW00891,31.3,20.92,Mid
COW00892,22.8,24.26,Mid
COW00893,17.4,17.12,Mid
COW00894,18.9,17.73,Mid
COW00895,28.4,19.08,Early
COW00896,25.4,25.24,Late
COW00897,22.4,19.19,Mid
COW00898,20.0,22.14,Early
COW00899,30.2,23.38,Mid
COW00900,27.9,24.24,Mid
COW00901,26.9,14.83,Mid
COW00902,22.0,22.29,Early
COW00903,31.7,21.4,Mid
COW00904,26.8,26.36,Mid
COW00905,21.6,21.14,Early
COW00906,31.3,22.65,Mid
COW00907,30.1,19.92,Mid
COW00908,27.3,18.05,Mid
COW00909,27.8,17.62,Mid
COW00910,21.6,19.18,Mid
COW00911,23.1,20.7,Mid
COW00912,17.4,19.41,Late
COW00913,24.7,21.82,Mid
COW00914,20.7,16.73,Late
COW00915,20.3,18.35,Mid
COW00916,31.1,24.79,Mid
COW00917,17.0,22.76,Mid
COW00918,28.9,20.78,Mid
COW00919,19.1,22.33,Late
COW00920,14.5,19.13,Mid
COW00921,14.7,26.59,Mid
COW00922,21.7,25.3,Late
COW00923,22.2,20.31,Late
COW00924,19.8,28.05,Late
COW00925,26.0,18.93,Early
COW00926,22.7,17.08,Early
COW00927,15.3,20.02,Mid
COW00928,20.3,22.06,Mid
COW00929,15.8,27.52,Early
COW00930,15.1,19.16,Mid
COW00931,17.7,20.3,Mid
COW00932,26.6,17.12,Early
COW00933,26.5,24.94,Mid
COW00934,29.5,23.22,Early
COW00935,27.6,18.93,Late
COW00936,23.6,15.39,Mid
COW00937,19.6,17.45,Mid
COW00938,14.1,25.3,Mid
COW00939,25.6,23.99,Early
COW00940,19.2,21.52,Mid
COW00941,18.5,27.1,Late
COW00942,31.5,26.52,Mid
COW00943,17.1,20.9,Early
COW00944,14.6,19.41,Mid
COW00945,31.1,17.2,Early
COW00946,19.5,20.68,Mid
COW00947,21.1,16.29,Mid
COW00948,15.5,15.22,Mid
COW00949,21.3,16.26,Early
COW00950,31.5,21.96,Early
COW00951,26.5,18.76,Early
COW00952,22.5,25.04,Mid
COW00953,19.5,18.35,Mid
COW00954,20.6,27.08,Mid
COW00955,25.0,22.18,Early
COW00956,18.6,16.86,Early
COW00957,16.7,24.4,Mid
COW00958,26.5,25.25,Mid
COW00959,29.7,17.01,Late
COW00960,30.2,17.83,Early
COW00961,29.1,18.98,Early
COW00962,23.6,22.74,Mid
COW00963,28.2,20.64,Mid
COW00964,30.7,20.44,Mid
COW00965,14.4,18.33,Early
COW00966,21.4,22.36,Early
COW00967,17.7,22.43,Mid
COW00968,31.9,20.78,Early
COW00969,30.7,20.62,Mid
COW00970,28.4,17.36,Early
COW00971,19.3,21.0,Mid
COW00972,31.1,24.2,Early
COW00973,14.5,18.9,Late
COW00974,17.4,21.96,Early
COW00975,25.1,20.03,Early
COW00976,28.3,19.79,Late
COW00977,29.9,20.21,Early
COW00978,19.4,21.4,Early
COW00979,21.0,21.64,Early
COW00980,22.2,20.55,Mid
COW00981,14.5,23.15,Mid
COW00982,29.6,21.97,Late
COW00983,20.1,27.94,Mid
COW00984,17.6,23.27,Mid
COW00985,21.4,19.52,Early
COW00986,26.8,24.34,Mid
COW00987,29.7,20.27,Late
COW00988,17.9,26.69,Late
COW00989,17.1,26.12,Early
COW00990,31.0,19.54,Mid
COW00991,23.9,23.18,Mid
COW00992,20.6,19.73,Late
COW00993,17.6,20.77,Early
COW00994,31.9,23.04,Mid
COW00995,26.9,24.67,Mid
COW00996,17.9,24.92,Late
COW00997,15.6,20.96,Mid
COW00998,17.6,25.63,Late
COW00999,18.5,18.96,Mid
COW01000,16.0,16.39,Early
COW01001,18.1,16.94,Mid
COW01002,16.1,25.3,Late
COW01003,20.8,20.1,Early
COW01004,22.8,20.01,Mid
COW01005,22.2,19.22,Late
COW01006,28.9,19.98,Late
COW01007,18.6,21.0,Mid
COW01008,30.0,23.55,Mid
COW01009,30.3,21.5,Early
COW01010,31.3,21.68,Mid
COW01011,17.3,22.07,Mid
COW01012,18.4,20.17,Mid
COW01013,25.2,18.1,Early
COW01014,16.5,16.99,Early
COW01015,15.5,29.16,Mid
COW01016,15.3,23.18,Mid
COW01017,24.9,25.24,Late
COW01018,28.5,18.8,Mid
COW01019,18.7,19.99,Late
COW01020,30.8,19.58,Mid
COW01021,28.3,15.81,Mid
COW01022,15.4,20.22,Mid
COW01023,21.3,24.84,Early
COW01024,15.2,23.61,Mid
COW01025,30.5,17.34,Late
COW01026,27.4,19.32,Early
COW01027,26.4,23.76,Mid
COW01028,26.3,21.67,Early
COW01029,19.1,21.48,Mid
COW01030,30.8,23.46,Early
COW01031,30.6,20.85,Mid
COW01032,27.3,23.12,Mid
COW01033,22.4,18.82,Early
COW01034,14.8,19.61,Mid
COW01035,14.5,21.02,Late
COW01036,16.5,17.36,Mid
COW01037,24.7,17.16,Late
COW01038,28.4,23.09,Mid
COW01039,31.1,19.31,Mid
COW01040,17.2,22.98,Mid
COW01041,19.0,23.71,Late
COW01042,15.0,17.89,Mid
COW01043,31.8,21.2,Mid
COW01044,28.1,27.05,Late
COW01045,22.7,22.71,Late
COW01046,24.4,17.66,Mid
COW01047,24.1,23.78,Early
COW01048,18.6,20.79,Mid
COW01049,17.3,21.67,Mid
COW01050,19.3,19.4,Mid
COW01051,18.4,22.88,Mid
COW01052,24.0,20.57,Mid
COW01053,19.5,21.97,Mid
COW01054,27.1,18.7,Mid
COW01055,24.2,19.92,Mid
COW01056,23.6,18.67,Mid
COW01057,31.1,24.29,Early
COW01058,19.8,22.51,Late
COW01059,25.4,15.5,Mid
COW01060,14.0,23.96,Late
COW01061,27.3,23.05,Mid
COW01062,23.0,20.59,Early
COW01063,17.8,21.95,Late
COW01064,14.0,24.35,Mid
COW01065,26.7,25.0,Mid
COW01066,25.9,20.52,Late
COW01067,26.0,24.03,Late
COW01068,21.9,22.63,Mid
COW01069,25.5,20.3,Late
COW01070,24.3,23.9,Mid
COW01071,18.3,24.36,Early
COW01072,23.3,23.75,Early
COW01073,23.3,20.76,Mid
COW01074,28.8,19.87,Mid
COW01075,21.8,21.38,Mid
COW01076,21.8,19.04,Mid
COW01077,31.7,16.31,Early
COW01078,30.1,16.81,Mid
COW01079,18.4,18.29,Mid
COW01080,30.4,26.74,Early
COW01081,16.5,19.83,Mid
COW01082,29.4,25.64,Mid
COW01083,17.3,23.53,Mid
COW01084,21.7,20.53,Late
COW01085,31.7,17.34,Late
COW01086,15.7,21.35,Early
COW01087,29.1,27.75,Mid
COW01088,22.9,24.03,Early
COW01089,16.0,21.56,Mid
COW01090,31.1,17.22,Mid
COW01091,23.9,19.1,Mid
COW01092,29.9,18.99,Late
COW01093,29.6,22.66,Mid
COW01094,14.3,25.71,Mid
COW01095,18.8,20.12,Mid
COW01096,20.1,18.79,Early
COW01097,23.6,26.39,Early
COW01098,15.3,18.68,Mid
COW01099,21.0,23.12,Mid
COW01100,28.7,23.16,Early
COW01101,17.1,19.53,Mid
COW01102,26.6,21.01,Early
COW01103,22.3,20.28,Mid
COW01104,15.3,25.82,Mid
COW01105,17.2,24.48,Early
COW01106,16.5,21.4,Early
COW01107,25.2,21.13,Mid
COW01108,15.6,18.02,Mid
COW01109,28.8,20.21,Late
COW01110,28.5,22.61,Early
COW01111,15.4,21.25,Mid
COW01112,30.0,23.1,Mid
COW01113,31.3,20.28,Mid
COW01114,14.8,20.1,Mid
COW01115,31.1,21.57,Early
COW01116,19.0,19.46,Late
COW01117,26.0,19.76,Late
COW01118,17.1,24.87,Mid
COW01119,28.7,18.58,Mid
COW01120,29.2,22.54,Early
COW01121,31.6,21.33,Early
COW01122,31.9,22.48,Early
COW01123,15.4,23.06,Mid
COW01124,25.8,20.23,Early
COW01125,18.9,20.2,Early
COW01126,16.3,19.01,Early
COW01127,16.7,22.54,Early
COW01128,30.9,23.81,Mid
COW01129,26.3,20.94,Mid
COW01130,14.9,22.21,Mid
COW01131,31.7,17.94,Mid
COW01132,28.5,21.14,Mid
COW01133,19.6,25.3,Mid
COW01134,22.5,19.83,Early
COW01135,27.1,17.02,Early
COW01136,26.2,21.3,Late
COW01137,22.3,14.09,Mid
COW01138,23.2,17.36,Mid
COW01139,14.8,25.39,Early
COW01140,23.0,19.46,Early
COW01141,20.1,21.48,Early
COW01142,19.1,15.37,Late
COW01143,18.9,17.66,Mid
COW01144,25.7,25.36,Early
COW01145,21.7,22.35,Early
COW01146,21.7,17.54,Early
COW01147,16.9,19.92,Early
COW01148,31.3,22.5,Mid
COW01149,18.0,17.24,Mid
COW01150,21.3,14.77,Late
COW01151,17.4,22.09,Mid
COW01152,26.7,22.41,Late
COW01153,21.9,22.45,Late
COW01154,21.4,21.56,Late
COW01155,29.8,17.25,Late
COW01156,27.7,20.37,Mid
COW01157,23.4,21.76,Early
COW01158,22.4,20.48,Early
COW01159,31.3,22.35,Mid
COW01160,31.2,19.47,Mid
COW01161,26.7,13.49,Early
COW01162,27.7,25.92,Late
COW01163,30.2,22.77,Mid
COW01164,31.4,17.47,Mid
COW01165,15.5,21.21,Mid
COW01166,32.0,19.8,Early
COW01167,26.7,21.85,Mid
COW01168,24.7,18.33,Early
COW01169,21.4,22.62,Mid
COW01170,20.1,19.89,Mid
COW01171,28.5,18.11,Early
COW01172,25.8,24.24,Mid
COW01173,17.6,20.16,Mid
COW01174,25.0,20.21,Mid
COW01175,16.5,24.18,Late
COW01176,22.9,19.24,Early
COW01177,24.5,19.27,Late
COW01178,25.4,22.36,Early
COW01179,16.6,15.21,Early
COW01180,15.7,22.91,Late
COW01181,18.7,19.31,Mid
COW01182,24.9,22.99,Mid
COW01183,30.8,22.05,Mid
COW01184,28.0,23.96,Mid
COW01185,27.4,17.02,Mid
COW01186,19.9,21.71,Early
COW01187,16.0,18.36,Mid
COW01188,30.1,21.96,Late
COW01189,23.0,16.0,Late
COW01190,15.8,16.64,Mid
COW01191,23.6,22.23,Mid
COW01192,26.2,22.71,Mid
COW01193,19.8,20.1,Mid
COW01194,14.2,19.44,Late
COW01195,25.2,18.53,Mid
COW01196,14.7,22.52,Mid
COW01197,21.8,19.31,Mid
COW01198,28.8,25.33,Early
COW01199,32.0,21.77,Late
COW01200,20.7,20.64,Late
COW01201,14.4,17.51,Early
COW01202,22.9,19.84,Early
COW01203,19.0,20.77,Mid
COW01204,30.1,20.46,Early
COW01205,26.8,20.28,Late
COW01206,21.3,22.15,Early
COW01207,27.7,25.29,Early
COW01208,20.1,21.42,Early
COW01209,23.4,23.38,Mid
COW01210,30.6,24.02,Mid
COW01211,17.6,25.76,Late
COW01212,19.6,19.65,Late
COW01213,29.9,21.44,Mid
COW01214,22.3,19.26,Early
COW01215,19.7,21.95,Early
COW01216,14.7,25.19,Late
COW01217,21.5,22.54,Early
COW01218,23.0,22.11,Late
COW01219,21.3,20.61,Late
COW01220,19.0,25.19,Mid
COW01221,20.6,24.09,Mid
COW01222,25.6,23.84,Late
COW01223,30.0,21.47,Mid
COW01224,25.7,21.89,Mid
COW01225,25.6,19.05,Mid
COW01226,28.7,18.99,Mid
COW01227,17.0,21.6,Mid
COW01228,19.4,18.36,Late
COW01229,14.9,20.47,Mid
COW01230,20.3,17.25,Mid
COW01231,32.0,19.68,Early
COW01232,19.9,21.19,Late
COW01233,29.5,19.55,Mid
COW01234,15.5,23.35,Mid
COW01235,22.3,22.4,Early
COW01236,20.3,17.91,Late
COW01237,17.6,21.85,Mid
COW01238,20.7,19.62,Mid
COW01239,25.7,24.64,Mid
COW01240,22.8,22.25,Mid
COW01241,29.2,17.69,Mid
COW01242,30.3,19.49,Early
COW01243,22.7,25.68,Mid
COW01244,31.7,20.64,Mid
COW01245,15.3,17.5,Mid
COW01246,19.0,24.03,Mid
COW01247,21.5,17.85,Mid
COW01248,24.5,23.18,Early
COW01249,23.8,23.35,Late
COW01250,24.2,21.55,Mid
COW01251,30.1,28.18,Mid
COW01252,19.0,15.56,Late
COW01253,28.7,18.52,Mid
COW01254,24.0,21.02,Mid
COW01255,22.8,25.78,Mid
COW01256,19.4,25.39,Late
COW01257,19.5,25.14,Late
COW01258,21.0,20.76,Early
COW01259,27.7,18.9,Mid
COW01260,22.6,19.1,Late
COW01261,16.8,20.6,Late
COW01262,27.7,23.67,Early
COW01263,25.9,21.16,Mid
COW01264,31.1,20.04,Mid
COW01265,23.5,21.27,Early
COW01266,25.8,14.79,Mid
COW01267,22.6,21.38,Mid
COW01268,26.3,20.25,Early
COW01269,21.9,17.87,Mid
COW01270,16.5,18.79,Late
COW01271,31.8,17.33,Late
COW01272,27.0,23.51,Late
COW01273,25.0,21.9,Late
COW01274,22.7,21.13,Late
COW01275,26.8,22.3,Mid
COW01276,16.3,18.72,Early
COW01277,19.9,23.17,Late
COW01278,16.2,21.33,Mid
COW01279,16.3,21.62,Mid
COW01280,14.4,18.93,Late
COW01281,27.6,21.76,Mid
COW01282,18.1,25.34,Late
COW01283,29.0,19.77,Mid
COW01284,30.3,19.55,Early
COW01285,17.0,23.23,Late
COW01286,26.8,21.17,Mid
COW01287,22.3,21.13,Mid
COW01288,30.5,18.5,Mid
COW01289,22.7,25.72,Early
COW01290,20.8,19.77,Early
COW01291,19.3,24.63,Early
COW01292,30.3,17.4,Early
COW01293,18.1,18.86,Mid
COW01294,28.9,25.76,Mid
COW01295,17.5,20.99,Early
COW01296,25.6,27.29,Mid
COW01297,22.1,21.43,Early
COW01298,15.9,23.1,Early
COW01299,16.3,25.29,Late
COW01300,19.1,17.25,Late
COW01301,27.8,15.84,Late
COW01302,27.1,19.27,Early
COW01303,17.7,24.29,Mid
COW01304,22.6,17.25,Early
COW01305,15.7,22.62,Mid
COW01306,26.9,20.53,Late
COW01307,28.3,27.59,Mid
COW01308,30.1,24.92,Late
COW01309,29.9,23.16,Mid
COW01310,20.1,26.05,Mid
COW01311,18.6,23.22,Early
COW01312,30.1,20.29,Late
COW01313,16.6,18.49,Mid
COW01314,15.1,19.55,Early
COW01315,19.7,23.58,Early
COW01316,27.7,22.74,Late
COW01317,26.5,16.0,Early
COW01318,31.8,21.5,Late
COW01319,20.5,20.56,Mid
COW01320,19.0,23.05,Mid
COW01321,20.8,24.47,Mid
COW01322,28.1,22.7,Mid
COW01323,17.9,20.19,Mid
COW01324,31.1,17.31,Early
COW01325,23.2,22.46,Early
COW01326,28.1,19.63,Late
COW01327,28.9,22.17,Mid
COW01328,22.6,24.73,Mid
COW01329,27.3,17.0,Early
COW01330,20.6,24.41,Mid
COW01331,28.6,24.89,Mid
COW01332,28.8,23.33,Early
COW01333,24.2,15.88,Late
COW01334,17.9,20.66,Late
COW01335,31.5,18.49,Mid
COW01336,31.0,23.65,Late
COW01337,25.2,21.94,Mid
COW01338,31.7,15.49,Mid
COW01339,23.1,20.14,Early
COW01340,20.8,23.49,Late
COW01341,22.3,21.64,Mid
COW01342,14.8,21.44,Late
COW01343,23.9,19.93,Early
COW01344,26.0,17.18,Mid
COW01345,16.0,21.1,Late
COW01346,18.6,23.3,Mid
COW01347,27.0,21.48,Early
COW01348,28.3,23.75,Late
COW01349,31.7,20.69,Early
COW01350,18.6,22.01,Late
COW01351,29.1,20.17,Late
COW01352,17.1,17.67,Early
COW01353,16.4,22.03,Mid
COW01354,27.1,21.11,Late
COW01355,22.0,22.42,Late
COW01356,28.3,16.75,Mid
COW01357,19.1,25.57,Mid
COW01358,17.8,22.67,Mid
COW01359,23.9,21.47,Early
COW01360,16.1,16.18,Mid
COW01361,19.0,22.92,Mid
COW01362,17.0,19.21,Mid
COW01363,19.8,25.36,Mid
COW01364,27.8,20.23,Late
COW01365,16.2,23.75,Early
COW01366,25.0,22.46,Early
COW01367,24.5,27.4,Early
COW01368,23.7,17.72,Early
COW01369,22.7,24.24,Late
COW01370,25.9,22.57,Mid
COW01371,29.3,23.92,Early
COW01372,16.9,25.28,Late
COW01373,28.7,19.36,Early
COW01374,15.1,22.12,Mid
COW01375,22.7,24.21,Late
COW01376,23.2,19.96,Mid
COW01377,17.6,23.37,Early
COW01378,15.6,22.3,Mid
COW01379,15.3,22.34,Mid
COW01380,14.7,21.17,Mid
COW01381,24.3,20.16,Early
COW01382,16.8,21.22,Late
COW01383,28.6,22.47,Mid
COW01384,30.2,20.54,Mid
COW01385,19.3,23.8,Late
COW01386,17.0,23.75,Late
COW01387,21.4,21.38,Mid
COW01388,29.9,20.25,Early
COW01389,21.2,20.23,Early
COW01390,16.0,25.97,Mid
COW01391,31.7,20.59,Early
COW01392,23.0,22.68,Mid
COW01393,20.2,22.86,Mid
COW01394,30.1,19.22,Mid
COW01395,30.7,20.79,Early
COW01396,22.9,19.78,Late
COW01397,19.5,20.55,Mid
COW01398,22.7,17.52,Mid
COW01399,17.9,23.62,Mid
COW01400,22.6,20.08,Early
COW01401,18.1,20.22,Mid
COW01402,25.2,20.67,Early
COW01403,27.7,25.83,Mid
COW01404,31.4,18.7,Early
COW01405,29.2,21.5,Early
COW01406,15.6,18.63,Early
COW01407,17.8,25.86,Early
COW01408,23.6,19.53,Late
COW01409,18.6,21.51,Late
COW01410,14.3,16.38,Early
COW01411,27.6,18.05,Early
COW01412,20.4,15.76,Mid
COW01413,15.2,17.93,Early
COW01414,23.2,23.37,Mid
COW01415,31.6,17.12,Early
COW01416,26.2,16.66,Mid
COW01417,16.9,18.79,Late
COW01418,23.3,19.75,Early
COW01419,30.2,21.17,Late
COW01420,15.0,21.19,Late
COW01421,25.5,24.48,Late
COW01422,27.0,25.63,Mid
COW01423,26.7,27.9,Late
COW01424,16.7,16.89,Mid
COW01425,30.3,19.77,Late
COW01426,19.8,24.03,Early
COW01427,14.9,20.38,Mid
COW01428,15.5,22.77,Mid
COW01429,22.2,21.85,Early
COW01430,14.7,24.8,Early
COW01431,28.0,23.61,Early
COW01432,29.6,23.11,Mid
COW01433,14.2,20.1,Early
COW01434,28.6,20.34,Early
COW01435,31.7,18.25,Early
COW01436,14.5,18.73,Mid
COW01437,27.0,25.55,Early
COW01438,32.0,22.26,Early
COW01439,28.3,21.1,Mid
COW01440,23.1,24.4,Mid
COW01441,29.9,18.79,Early
COW01442,26.7,17.67,Late
COW01443,19.3,23.56,Mid
COW01444,18.0,16.81,Early
COW01445,23.2,19.24,Mid
COW01446,20.7,22.87,Late
COW01447,19.9,22.17,Mid
COW01448,17.2,22.71,Early
COW01449,29.2,22.15,Mid
COW01450,26.7,22.02,Mid
COW01451,20.0,19.59,Mid
COW01452,18.3,20.55,Late
COW01453,16.3,15.01,Late
COW01454,16.0,26.02,Mid
COW01455,25.3,18.3,Early
COW01456,16.0,21.73,Mid
COW01457,31.3,20.08,Late
COW01458,19.0,18.2,Late
COW01459,14.5,22.63,Early
COW01460,29.4,19.64,Early
COW01461,20.6,24.26,Early
COW01462,20.2,19.16,Late
COW01463,16.1,18.04,Mid
COW01464,25.9,20.53,Mid
COW01465,20.5,24.14,Mid
COW01466,28.8,24.84,Early
COW01467,25.4,18.85,Late
COW01468,29.8,18.69,Mid
COW01469,25.2,20.77,Early
COW01470,28.0,21.58,Mid
COW01471,26.5,19.98,Mid
COW01472,22.3,24.6,Mid
COW01473,26.4,19.53,Late
COW01474,25.9,23.65,Early
COW01475,14.1,19.85,Early
COW01476,26.6,17.15,Early
COW01477,18.7,21.5,Mid
COW01478,23.8,19.08,Late
COW01479,16.0,21.19,Mid
COW01480,14.4,21.51,Mid
COW01481,14.3,17.84,Mid
COW01482,16.8,17.65,Late
COW01483,14.4,21.32,Mid
COW01484,16.4,22.1,Early
COW01485,24.1,21.97,Mid
COW01486,21.2,22.71,Late
COW01487,31.7,18.35,Mid
COW01488,28.6,21.33,Late
COW01489,16.6,29.17,Mid
COW01490,21.5,22.85,Mid
COW01491,21.8,21.68,Early
COW01492,20.5,18.1,Mid
COW01493,22.9,11.69,Early
COW01494,26.1,22.14,Early
COW01495,25.5,22.55,Early
COW01496,20.4,20.91,Mid
COW01497,26.7,18.2,Late
COW01498,19.2,18.93,Mid
COW01499,29.0,24.54,Mid
COW01500,31.4,20.3,Early
COW01501,19.3,22.7,Mid
COW01502,28.1,21.34,Early
COW01503,28.6,22.93,Mid
COW01504,22.8,22.74,Late
COW01505,15.6,21.45,Mid
COW01506,28.2,17.48,Mid
COW01507,21.3,17.92,Mid
COW01508,17.7,22.53,Early
COW01509,25.3,24.46,Mid
COW01510,21.9,26.98,Early
COW01511,15.6,20.37,Mid
COW01512,31.7,20.17,Late
COW01513,18.4,15.81,Mid
COW01514,23.2,23.19,Mid
COW01515,26.0,20.22,Early
COW01516,16.1,28.32,Mid
COW01517,27.3,17.85,Late
COW01518,25.7,26.37,Mid
COW01519,22.9,25.7,Mid
COW01520,23.5,18.83,Early
COW01521,31.2,23.83,Early
COW01522,30.4,22.39,Mid
COW01523,16.0,20.13,Late
COW01524,20.6,22.62,Early
COW01525,23.3,21.43,Mid
COW01526,30.6,22.91,Early
COW01527,28.7,21.82,Mid
COW01528,21.0,16.9,Mid
COW01529,30.0,22.46,Mid
COW01530,20.8,21.12,Early
COW01531,18.9,16.43,Early
COW01532,25.0,21.65,Late
COW01533,20.4,22.7,Mid
COW01534,25.2,17.89,Early
COW01535,21.4,18.12,Mid
COW01536,28.3,18.51,Early
COW01537,31.2,27.24,Mid
COW01538,18.9,23.11,Mid
COW01539,23.2,24.07,Early
COW01540,27.0,22.56,Mid
COW01541,16.9,16.89,Mid
COW01542,28.3,23.63,Late
COW01543,24.5,18.64,Mid
COW01544,16.7,19.74,Mid
COW01545,29.6,18.71,Mid
COW01546,21.7,20.07,Early
COW01547,17.2,25.22,Mid
COW01548,17.5,23.76,Early
COW01549,28.1,24.16,Early
COW01550,30.8,27.66,Mid
COW01551,20.8,16.06,Early
COW01552,15.4,18.35,Mid
COW01553,15.8,17.39,Mid
COW01554,25.8,24.15,Early
COW01555,20.7,18.22,Mid
COW01556,21.7,19.58,Mid
COW01557,20.1,22.16,Mid
COW01558,22.4,22.36,Late
COW01559,25.6,15.84,Mid
COW01560,23.7,16.79,Late
COW01561,17.0,22.4,Mid
COW01562,22.8,24.3,Early
COW01563,22.3,20.52,Mid
COW01564,23.8,19.63,Early
COW01565,16.0,16.26,Early
COW01566,16.8,24.24,Early
COW01567,23.5,18.65,Late
COW01568,19.0,17.67,Late
COW01569,25.3,17.05,Late
COW01570,20.7,16.31,Mid
COW01571,18.0,19.52,Mid
COW01572,25.8,19.96,Late
COW01573,21.1,18.94,Mid
COW01574,16.8,21.96,Mid
COW01575,28.6,21.07,Early
COW01576,21.8,27.45,Mid
COW01577,30.5,17.28,Mid
COW01578,17.5,19.83,Mid
COW01579,29.8,22.16,Early
COW01580,28.7,19.79,Mid
COW01581,15.9,20.91,Mid
COW01582,23.6,22.79,Early
COW01583,25.8,21.28,Mid
COW01584,22.9,25.45,Late
COW01585,21.0,15.42,Mid
COW01586,31.0,19.96,Mid
COW01587,26.6,24.19,Mid
COW01588,31.4,24.62,Late
COW01589,29.2,22.41,Mid
COW01590,28.7,25.78,Early
COW01591,27.1,15.63,Mid
COW01592,25.6,22.56,Late
COW01593,30.0,22.21,Early
COW01594,25.0,19.7,Early
COW01595,15.4,25.98,Early
COW01596,24.5,21.86,Mid
COW01597,15.9,15.81,Mid
COW01598,31.1,21.84,Mid
COW01599,25.6,19.66,Early
COW01600,24.0,25.2,Mid
COW01601,17.6,23.3,Early
COW01602,23.3,22.46,Mid
COW01603,20.2,25.14,Early
COW01604,26.2,22.36,Late
COW01605,24.9,19.34,Mid
COW01606,23.0,20.26,Mid
COW01607,18.5,23.5,Early
COW01608,23.5,21.96,Early
COW01609,22.3,18.64,Mid
COW01610,29.3,22.6,Mid
COW01611,30.1,17.93,Mid
COW01612,27.7,14.7,Mid
COW01613,19.8,23.12,Mid
COW01614,14.7,16.12,Late
COW01615,30.7,17.24,Mid
COW01616,31.9,17.22,Late
COW01617,16.3,15.92,Mid
COW01618,26.3,20.14,Mid
COW01619,21.7,21.49,Mid
COW01620,16.7,19.91,Early
COW01621,32.0,15.13,Early
COW01622,30.8,19.9,Early
COW01623,31.7,20.0,Mid
COW01624,16.6,21.18,Mid
COW01625,22.9,23.81,Early
COW01626,30.1,23.08,Early
COW01627,26.2,20.29,Mid
COW01628,21.8,16.95,Early
COW01629,23.3,19.33,Early
COW01630,14.7,22.72,Early
COW01631,25.0,18.83,Late
COW01632,29.5,18.32,Mid
COW01633,14.1,20.86,Early
COW01634,16.9,29.34,Early
COW01635,23.3,19.43,Early
COW01636,24.1,21.77,Mid
COW01637,20.2,17.89,Mid
COW01638,14.5,25.64,Late
COW01639,27.4,23.79,Mid
COW01640,18.4,22.8,Mid
COW01641,25.6,22.71,Early
COW01642,24.1,21.28,Mid
COW01643,21.8,22.05,Late
COW01644,24.6,24.55,Early
COW01645,26.5,22.74,Late
COW01646,24.3,16.5,Early
COW01647,24.0,23.06,Mid
COW01648,21.8,18.42,Early
COW01649,21.7,23.02,Mid
COW01650,22.8,21.89,Early
COW01651,22.1,16.37,Mid
COW01652,21.9,22.04,Mid
COW01653,17.8,23.07,Mid
COW01654,27.0,21.63,Mid
COW01655,16.4,22.99,Early
COW01656,30.4,24.64,Mid
COW01657,25.2,22.35,Early
COW01658,14.9,20.82,Mid
COW01659,25.9,22.63,Early
COW01660,20.5,27.73,Mid
COW01661,30.7,24.26,Mid
COW01662,30.8,21.82,Late
COW01663,29.2,23.37,Mid
COW01664,24.2,22.6,Early
COW01665,30.5,22.04,Mid
COW01666,25.7,27.09,Early
COW01667,29.8,20.31,Early
COW01668,16.9,23.93,Mid
COW01669,30.3,21.79,Mid
COW01670,25.9,18.64,Late
COW01671,19.5,20.66,Late
COW01672,32.0,19.68,Early
COW01673,26.4,22.56,Early
COW01674,30.4,21.48,Late
COW01675,14.1,17.44,Early
COW01676,23.9,25.34,Mid
COW01677,26.8,25.28,Late
COW01678,14.2,25.8,Early
COW01679,27.7,24.2,Mid
COW01680,25.7,20.98,Late
COW01681,18.9,24.22,Mid
COW01682,26.4,18.03,Late
COW01683,16.4,22.23,Mid
COW01684,28.8,20.53,Mid
COW01685,29.6,18.43,Late
COW01686,22.7,22.68,Mid
COW01687,23.1,20.3,Late
COW01688,21.2,22.35,Mid
COW01689,20.2,21.26,Mid
COW01690,29.7,25.13,Mid
COW01691,19.5,18.41,Early
COW01692,21.3,21.36,Late
COW01693,19.4,19.42,Late
COW01694,25.8,17.84,Mid
COW01695,28.7,19.56,Late
COW01696,17.0,23.71,Mid
COW01697,18.6,21.66,Late
COW01698,15.9,20.75,Mid
COW01699,16.9,17.87,Mid
COW01700,21.3,24.19,Mid
COW01701,28.0,23.48,Mid
COW01702,23.7,20.07,Late
COW01703,15.0,24.4,Mid
COW01704,25.3,21.52,Late
COW01705,28.3,21.45,Early
COW01706,21.1,21.13,Early
COW01707,18.4,20.69,Mid
COW01708,27.8,21.4,Mid
COW01709,14.4,20.07,Late
COW01710,28.7,21.5,Early
COW01711,28.5,17.23,Early
COW01712,30.0,23.69,Mid
COW01713,15.6,20.84,Late
COW01714,15.9,24.49,Late
COW01715,29.7,20.98,Late
COW01716,22.6,21.76,Mid
COW01717,21.1,24.14,Late
COW01718,24.3,22.63,Early
COW01719,15.1,22.49,Late
COW01720,25.6,18.77,Mid
COW01721,31.0,24.5,Mid
COW01722,26.2,19.33,Mid
COW01723,22.4,21.49,Mid
COW01724,31.3,19.31,Early
COW01725,26.4,22.18,Early
COW01726,15.0,18.82,Mid
COW01727,26.1,19.91,Late
COW01728,15.1,19.94,Mid
COW01729,19.5,19.02,Early
COW01730,25.1,17.18,Mid
COW01731,17.9,14.98,Early
COW01732,14.7,23.0,Mid
COW01733,25.1,15.07,Early
COW01734,19.1,23.51,Mid
COW01735,23.6,26.55,Mid
COW01736,18.7,20.04,Early
COW01737,26.4,23.17,Mid
COW01738,30.1,20.41,Mid
COW01739,15.6,24.34,Early
COW01740,28.2,19.87,Early
COW01741,16.8,16.93,Mid
COW01742,19.9,21.13,Mid
COW01743,20.4,24.95,Late
COW01744,17.7,22.49,Mid
COW01745,15.4,19.5,Mid
COW01746,27.8,22.36,Late
COW01747,28.3,24.14,Mid
COW01748,31.9,22.4,Mid
COW01749,30.8,27.8,Early
COW01750,21.8,20.03,Early
COW01751,16.4,23.88,Mid
COW01752,14.2,24.38,Mid
COW01753,23.6,18.73,Late
COW01754,29.5,21.72,Early
COW01755,18.8,24.21,Mid
COW01756,17.6,20.42,Late
COW01757,21.9,23.8,Mid
COW01758,30.1,19.83,Early
COW01759,22.1,24.38,Late
COW01760,27.0,23.52,Mid
COW01761,22.3,21.43,Early
COW01762,20.7,18.86,Mid
COW01763,21.9,19.0,Early
COW01764,27.8,20.55,Late
COW01765,27.6,20.08,Early
COW01766,21.8,19.66,Late
COW01767,18.8,27.03,Early
COW01768,16.5,22.81,Late
COW01769,14.0,16.88,Early
COW01770,16.0,25.95,Late
COW01771,17.0,21.78,Early
COW01772,26.4,20.42,Late
COW01773,28.7,24.54,Late
COW01774,27.3,16.3,Mid
COW01775,27.0,20.27,Early
COW01776,31.9,20.88,Mid
COW01777,31.3,21.72,Mid
COW01778,18.8,22.99,Mid
COW01779,16.6,20.49,Mid
COW01780,16.8,20.58,Late
COW01781,30.1,23.13,Late
COW01782,15.8,20.63,Mid
COW01783,20.1,21.54,Early
COW01784,23.5,22.59,Early
COW01785,25.0,25.83,Mid
COW01786,24.7,20.32,Late
COW01787,28.2,17.54,Mid
COW01788,24.3,17.72,Early
COW01789,29.3,18.31,Mid
COW01790,15.5,21.72,Mid
COW01791,29.5,21.12,Late
COW01792,24.6,18.58,Mid
COW01793,18.0,22.88,Early
COW01794,31.6,19.88,Mid
COW01795,30.9,18.74,Early
COW01796,29.2,22.03,Mid
COW01797,30.4,25.65,Mid
COW01798,20.9,18.05,Early
COW01799,18.1,22.01,Mid
COW01800,17.3,15.22,Late
COW01801,29.7,16.9,Late
COW01802,28.9,20.46,Mid
COW01803,31.7,25.39,Mid
COW01804,29.3,17.87,Late
COW01805,25.4,18.09,Mid
COW01806,16.6,16.94,Late
COW01807,17.0,21.73,Early
COW01808,22.5,17.8,Early
COW01809,27.8,25.37,Early
COW01810,17.1,21.29,Late
COW01811,30.5,21.77,Mid
COW01812,26.3,20.62,Early
COW01813,19.6,22.43,Late
COW01814,29.9,22.68,Late
COW01815,24.8,23.25,Early
COW01816,27.2,19.89,Mid
COW01817,20.9,21.69,Mid
COW01818,21.1,20.98,Early
COW01819,14.2,23.17,Mid
COW01820,23.7,22.63,Early
COW01821,27.7,21.97,Late
COW01822,31.4,22.96,Late
COW01823,30.1,25.1,Late
COW01824,15.6,24.89,Mid
COW01825,31.6,22.84,Early
COW01826,16.7,18.6,Mid
COW01827,14.7,15.96,Mid
COW01828,27.5,17.38,Mid
COW01829,30.3,19.1,Mid
COW01830,31.1,18.39,Mid
COW01831,28.8,23.52,Early
COW01832,17.7,18.04,Mid
COW01833,16.8,19.22,Mid
COW01834,15.1,19.8,Mid
COW01835,24.5,23.95,Mid
COW01836,22.8,20.16,Mid
COW01837,16.0,22.22,Mid
COW01838,22.4,20.9,Mid
COW01839,24.2,24.16,Mid
COW01840,27.0,24.19,Mid
COW01841,21.5,22.01,Mid
COW01842,19.7,18.26,Early
COW01843,26.0,21.89,Mid
COW01844,26.3,24.64,Early
COW01845,18.9,23.01,Late
COW01846,14.4,20.11,Late
COW01847,31.0,25.28,Mid
COW01848,27.6,20.79,Late
COW01849,17.6,17.77,Mid
COW01850,24.2,18.37,Early
COW01851,24.7,26.4,Mid
COW01852,16.3,23.11,Late
COW01853,17.4,23.25,Early
COW01854,31.2,18.62,Early
COW01855,23.1,20.62,Mid
COW01856,17.4,19.55,Mid
COW01857,28.4,21.61,Mid
COW01858,22.5,22.38,Mid
COW01859,25.5,21.26,Mid
COW01860,19.4,19.29,Early
COW01861,15.0,18.83,Mid
COW01862,17.0,21.24,Late
COW01863,31.5,24.94,Mid
COW01864,25.2,18.65,Mid
COW01865,29.0,22.63,Early
COW01866,14.4,24.19,Early
COW01867,27.8,21.31,Mid
COW01868,22.7,17.72,Mid
COW01869,26.0,23.75,Mid
COW01870,20.4,17.31,Mid
COW01871,25.2,20.65,Late
COW01872,14.6,17.39,Late
COW01873,14.8,16.2,Early
COW01874,28.4,21.19,Early
COW01875,16.2,16.86,Late
COW01876,14.3,20.61,Mid
COW01877,30.4,24.66,Mid
COW01878,18.8,25.35,Early
COW01879,24.5,18.79,Mid
COW01880,29.1,23.65,Early
COW01881,27.4,22.73,Early
COW01882,14.8,21.26,Mid
COW01883,24.1,17.47,Mid
COW01884,23.8,24.45,Early
COW01885,20.3,17.75,Mid
COW01886,27.6,25.5,Mid
COW01887,31.4,23.02,Mid
COW01888,16.6,17.96,Mid
COW01889,16.6,21.5,Early
COW01890,27.2,26.04,Mid
COW01891,22.2,25.16,Late
COW01892,28.3,20.97,Early
COW01893,16.5,19.21,Late
COW01894,14.7,20.26,Early
COW01895,26.6,18.53,Mid
COW01896,31.9,24.18,Mid
COW01897,15.7,22.81,Late
COW01898,29.6,16.52,Early
COW01899,20.9,22.59,Early
COW01900,14.3,21.24,Mid
COW01901,23.2,19.66,Early
COW01902,19.0,22.59,Mid
COW01903,26.5,23.02,Late
COW01904,19.2,24.17,Early
COW01905,22.7,17.81,Late
COW01906,17.6,21.0,Early
COW01907,28.9,19.11,Late
COW01908,30.7,15.77,Late
COW01909,21.3,21.1,Mid
COW01910,22.1,24.37,Late
COW01911,31.7,15.68,Late
COW01912,16.6,18.01,Early
COW01913,28.6,20.99,Early
COW01914,24.2,21.97,Early
COW01915,29.9,18.72,Mid
COW01916,19.3,18.12,Mid
COW01917,19.3,17.96,Mid
COW01918,19.9,24.0,Mid
COW01919,14.3,19.02,Mid
COW01920,17.1,20.43,Early
COW01921,31.9,27.31,Early
COW01922,18.5,21.55,Late
COW01923,14.4,21.77,Mid
COW01924,19.0,23.97,Mid
COW01925,21.4,23.29,Early
COW01926,23.9,18.0,Late
COW01927,15.2,18.02,Early
COW01928,28.2,19.87,Mid
COW01929,28.9,25.55,Early
COW01930,17.8,17.12,Early
COW01931,28.4,18.78,Mid
COW01932,20.5,21.84,Mid
COW01933,21.6,21.77,Mid
COW01934,30.9,22.66,Early
COW01935,30.1,18.96,Late
COW01936,20.8,19.21,Mid
COW01937,22.8,22.05,Late
COW01938,19.2,22.56,Early
COW01939,23.3,19.67,Mid
COW01940,26.3,20.83,Mid
COW01941,15.7,19.19,Mid
COW01942,30.6,25.44,Mid
COW01943,26.9,21.08,Mid
COW01944,15.7,22.67,Early
COW01945,29.6,19.11,Early
COW01946,27.4,21.34,Early
COW01947,19.6,19.17,Late
COW01948,23.4,14.59,Early
COW01949,29.5,24.31,Early
COW01950,31.4,19.44,Mid
COW01951,19.1,20.37,Early
COW01952,25.7,16.94,Late
COW01953,29.5,19.04,Mid
COW01954,31.8,22.75,Late
COW01955,15.3,25.9,Mid
COW01956,23.1,20.3,Mid
COW01957,29.7,24.33,Mid
COW01958,14.1,22.4,Mid
COW01959,21.9,21.53,Mid
COW01960,24.5,26.2,Early
COW01961,23.5,19.83,Late
COW01962,27.2,24.52,Mid
COW01963,15.2,21.61,Mid
COW01964,28.1,24.26,Mid
COW01965,19.1,25.52,Mid
COW01966,28.8,22.5,Mid
COW01967,21.6,21.9,Mid
COW01968,14.8,26.81,Early
COW01969,31.4,24.33,Mid
COW01970,28.0,23.04,Early
COW01971,20.3,12.95,Late
COW01972,18.9,22.56,Mid
COW01973,24.6,21.92,Late
COW01974,31.8,20.45,Mid
COW01975,19.2,21.85,Mid
COW01976,31.1,21.31,Late
COW01977,19.9,23.08,Early
COW01978,26.7,18.94,Mid
COW01979,20.9,27.25,Early
COW01980,15.5,25.65,Early
COW01981,30.9,23.2,Mid
COW01982,17.0,21.11,Mid
COW01983,31.0,24.25,Late
COW01984,15.9,25.42,Early
COW01985,18.8,21.06,Mid
COW01986,30.6,23.65,Early
COW01987,25.9,22.12,Early
COW01988,17.4,25.02,Early
COW01989,24.7,24.03,Mid
COW01990,17.2,18.66,Mid
COW01991,29.7,28.08,Early
COW01992,14.9,17.72,Early
COW01993,23.5,24.09,Mid
COW01994,15.1,21.38,Late
COW01995,26.5,23.38,Early
COW01996,30.8,22.62,Mid
COW01997,29.0,18.15,Mid
COW01998,20.7,20.19,Mid
COW01999,18.3,20.03,Early
COW02000,16.2,20.79,Late
COW02001,29.7,17.7,Mid
COW02002,15.5,18.32,Mid
COW02003,25.3,20.97,Late
COW02004,20.6,23.09,Late
COW02005,31.9,19.78,Mid
COW02006,23.2,18.72,Late
COW02007,23.9,19.4,Early
COW02008,30.5,24.35,Mid
COW02009,31.5,24.52,Mid
COW02010,24.5,21.58,Late
COW02011,28.3,25.1,Mid
COW02012,25.4,23.99,Early
COW02013,21.7,28.55,Mid
COW02014,15.0,28.29,Mid
COW02015,26.9,17.41,Mid
COW02016,26.6,13.97,Mid
COW02017,16.1,21.52,Early
COW02018,18.1,24.11,Early
COW02019,27.2,21.45,Mid
COW02020,16.7,22.43,Mid
COW02021,26.4,21.97,Mid
COW02022,26.9,21.0,Late
COW02023,20.4,21.69,Mid
COW02024,18.6,20.28,Mid
COW02025,20.7,24.8,Mid
COW02026,20.5,21.28,Late
COW02027,24.9,20.75,Mid
COW02028,27.4,23.24,Late
COW02029,29.5,20.59,Mid
COW02030,14.5,23.4,Mid
COW02031,27.1,17.38,Early
COW02032,19.7,16.95,Mid
COW02033,29.1,22.78,Late
COW02034,15.4,23.47,Late
COW02035,23.9,19.33,Early
COW02036,23.9,26.11,Late
COW02037,19.9,25.6,Early
COW02038,31.5,19.29,Mid
COW02039,15.9,25.89,Mid
COW02040,16.5,14.93,Mid
COW02041,25.6,25.37,Mid
COW02042,23.3,20.19,Mid
COW02043,18.8,23.03,Mid
COW02044,19.5,18.79,Mid
COW02045,16.8,22.45,Mid
COW02046,29.6,19.4,Mid
COW02047,24.3,21.63,Mid
COW02048,18.4,26.81,Early
COW02049,21.1,20.53,Mid
COW02050,30.3,26.32,Mid
COW02051,30.0,18.85,Early
COW02052,15.2,24.51,Early
COW02053,25.8,18.19,Late
COW02054,16.8,21.39,Late
COW02055,17.8,19.75,Mid
COW02056,29.6,26.01,Mid
COW02057,30.1,22.15,Late
COW02058,15.5,16.25,Mid
COW02059,29.7,18.84,Early
COW02060,27.1,18.18,Mid
COW02061,28.0,24.14,Late
COW02062,28.3,22.16,Mid
COW02063,23.1,19.49,Early
COW02064,31.0,19.53,Late
COW02065,17.6,25.0,Mid
COW02066,23.1,19.3,Mid
COW02067,19.7,21.25,Late
COW02068,28.8,20.71,Mid
COW02069,15.5,20.74,Late
COW02070,21.8,23.14,Late
COW02071,27.9,21.88,Early
COW02072,19.6,23.99,Mid
COW02073,18.3,18.29,Mid
COW02074,18.7,23.76,Late
COW02075,26.8,22.8,Late
COW02076,19.2,23.34,Late
COW02077,21.2,22.76,Mid
COW02078,23.8,21.51,Mid
COW02079,30.9,21.73,Early
COW02080,28.3,21.91,Mid
COW02081,17.3,17.53,Early
COW02082,29.9,23.16,Late
COW02083,29.2,18.1,Mid
COW02084,27.4,20.79,Mid
COW02085,23.3,20.21,Early
COW02086,15.3,22.16,Mid
COW02087,26.8,23.23,Mid
COW02088,23.3,18.65,Late
COW02089,19.6,21.45,Late
COW02090,14.2,20.86,Mid
COW02091,18.2,18.57,Late
COW02092,24.9,25.98,Early
COW02093,16.0,19.57,Early
COW02094,25.8,22.97,Mid
COW02095,28.8,24.97,Mid
COW02096,19.7,24.55,Early
COW02097,15.5,23.36,Early
COW02098,16.5,21.52,Mid
COW02099,20.4,16.55,Early
COW02100,28.6,22.56,Mid
COW02101,25.4,24.64,Mid
COW02102,29.6,20.23,Late
COW02103,31.9,11.51,Mid
COW02104,17.6,24.96,Early
COW02105,26.5,24.98,Early
COW02106,22.4,21.64,Early
COW02107,22.9,21.67,Mid
COW02108,19.9,23.12,Mid
COW02109,20.2,20.18,Early
COW02110,26.2,24.95,Late
COW02111,25.2,19.38,Mid
COW02112,19.7,21.56,Early
COW02113,16.1,20.89,Early
COW02114,24.4,19.08,Late
COW02115,27.3,19.63,Mid
COW02116,24.1,24.79,Late
COW02117,14.1,25.05,Early
COW02118,19.1,24.09,Mid
COW02119,28.0,16.25,Early
COW02120,27.4,18.97,Mid
COW02121,14.2,23.61,Mid
COW02122,22.5,21.77,Mid
COW02123,21.9,20.49,Early
COW02124,25.7,26.79,Early
COW02125,16.2,23.18,Mid
COW02126,25.2,21.56,Early
COW02127,31.0,24.46,Mid
COW02128,20.7,19.25,Early
COW02129,20.1,27.17,Early
COW02130,14.5,19.36,Late
COW02131,15.0,20.89,Early
COW02132,30.8,21.1,Mid
COW02133,31.6,25.82,Mid
COW02134,14.1,23.22,Early
COW02135,30.2,22.81,Mid
COW02136,17.1,19.18,Mid
COW02137,24.1,22.54,Late
COW02138,26.2,20.95,Mid
COW02139,20.5,26.35,Mid
COW02140,23.5,22.56,Mid
COW02141,25.3,25.06,Late
COW02142,17.5,20.6,Mid
COW02143,31.9,21.64,Mid
COW02144,17.7,21.09,Early
COW02145,14.2,19.39,Early
COW02146,31.0,20.25,Early
COW02147,21.7,24.57,Early
COW02148,21.2,24.77,Late
COW02149,19.0,23.14,Late
COW02150,14.5,21.55,Early
COW02151,18.8,24.37,Late
COW02152,21.1,23.19,Mid
COW02153,23.4,24.78,Mid
COW02154,22.2,23.62,Late
COW02155,29.8,22.18,Mid
COW02156,30.4,23.69,Mid
COW02157,19.7,23.06,Early
COW02158,31.3,19.08,Early
COW02159,29.6,18.22,Late
COW02160,30.7,18.69,Early
COW02161,26.7,20.05,Early
COW02162,17.6,19.81,Early
COW02163,17.5,18.77,Mid
COW02164,30.4,21.5,Mid
COW02165,23.1,23.02,Late
COW02166,30.0,24.22,Mid
COW02167,27.0,25.68,Late
COW02168,17.8,23.58,Mid
COW02169,20.9,19.98,Mid
COW02170,31.4,21.94,Early
COW02171,14.4,22.89,Early
COW02172,26.9,19.81,Late
COW02173,31.6,19.43,Mid
COW02174,15.9,19.55,Mid
COW02175,18.9,20.02,Late
COW02176,23.8,21.93,Late
COW02177,29.2,24.22,Early
COW02178,23.1,26.59,Mid
COW02179,15.1,22.01,Mid
COW02180,16.3,21.34,Late
COW02181,20.8,21.71,Early
COW02182,19.8,19.12,Early
COW02183,18.0,19.75,Mid
COW02184,29.1,19.79,Early
COW02185,14.5,13.29,Early
COW02186,28.9,20.0,Mid
COW02187,30.6,24.59,Mid
COW02188,25.3,23.85,Early
COW02189,25.3,20.9,Mid
COW02190,16.7,23.75,Early
COW02191,24.2,16.87,Mid
COW02192,20.8,22.6,Mid
COW02193,18.1,24.67,Late
COW02194,24.5,22.09,Early
COW02195,14.0,17.5,Late
COW02196,19.0,19.86,Late
COW02197,25.8,26.55,Mid
COW02198,22.2,21.55,Late
COW02199,16.6,17.01,Early
COW02200,14.0,27.31,Early
COW02201,18.9,16.74,Late
COW02202,23.9,18.73,Mid
COW02203,23.6,19.0,Mid
COW02204,16.4,18.87,Early
COW02205,25.0,18.99,Early
COW02206,32.0,21.94,Early
COW02207,24.5,23.73,Early
COW02208,23.5,18.24,Late
COW02209,25.2,17.95,Early
COW02210,29.8,23.44,Late
COW02211,31.0,23.46,Early
COW02212,14.7,22.94,Mid
COW02213,17.7,19.07,Late
COW02214,16.1,18.64,Early
COW02215,27.9,23.6,Early
COW02216,14.8,20.14,Late
COW02217,30.2,24.3,Early
COW02218,14.4,25.99,Early
COW02219,24.8,21.17,Late
COW02220,19.0,20.6,Mid
COW02221,22.5,21.63,Mid
COW02222,22.0,18.11,Early
COW02223,27.5,23.02,Early
COW02224,22.9,21.58,Mid
COW02225,21.6,21.0,Mid
COW02226,27.1,22.55,Early
COW02227,30.7,21.75,Late
COW02228,28.3,21.21,Mid
COW02229,27.3,23.29,Mid
COW02230,22.8,23.08,Mid
COW02231,30.2,22.26,Mid
COW02232,22.8,21.47,Mid
COW02233,30.7,18.8,Early
COW02234,28.5,21.84,Late
COW02235,16.7,20.9,Mid
COW02236,14.8,21.16,Late
COW02237,27.3,22.09,Late
COW02238,26.3,21.39,Early
COW02239,24.8,20.03,Mid
COW02240,31.6,23.28,Mid
COW02241,23.8,19.25,Mid
COW02242,20.3,27.09,Late
COW02243,24.2,21.39,Early
COW02244,14.5,19.45,Mid
COW02245,24.4,21.82,Late
COW02246,30.2,23.54,Late
COW02247,14.1,20.3,Early
COW02248,29.2,16.57,Late
COW02249,28.4,18.67,Early
COW02250,15.9,23.51,Mid
COW02251,29.2,18.01,Early
COW02252,27.7,17.15,Mid
COW02253,22.8,23.12,Early
COW02254,18.4,19.81,Early
COW02255,19.2,19.22,Mid
COW02256,25.0,21.14,Late
COW02257,18.4,18.55,Mid
COW02258,19.9,21.14,Mid
COW02259,30.8,19.29,Mid
COW02260,27.1,18.33,Mid
COW02261,27.2,22.57,Early
COW02262,31.2,19.94,Early
COW02263,14.1,20.83,Mid
COW02264,18.4,15.1,Late
COW02265,25.8,22.37,Early
COW02266,21.9,22.2,Mid
COW02267,16.0,21.06,Late
COW02268,28.1,17.91,Late
COW02269,14.8,21.39,Early
COW02270,23.8,21.72,Late
COW02271,24.1,22.14,Mid
COW02272,25.4,27.98,Mid
COW02273,19.7,23.02,Mid
COW02274,14.4,20.4,Early
COW02275,30.0,22.95,Late
COW02276,30.7,20.4,Mid
COW02277,22.7,21.41,Mid
COW02278,14.4,23.97,Late
COW02279,24.5,19.09,Mid
COW02280,19.7,20.24,Early
COW02281,17.3,23.6,Early
COW02282,17.0,20.35,Late
COW02283,17.2,21.34,Mid
COW02284,20.0,20.21,Late
COW02285,19.1,15.55,Mid
COW02286,29.1,24.97,Mid
COW02287,22.9,23.24,Late
COW02288,21.7,19.1,Mid
COW02289,16.6,23.63,Mid
COW02290,29.8,18.82,Early
COW02291,15.0,19.79,Late
COW02292,18.3,18.35,Mid
COW02293,25.2,18.92,Mid
COW02294,26.6,16.28,Mid
COW02295,28.4,17.17,Early
COW02296,21.4,22.91,Mid
COW02297,20.2,18.0,Early
COW02298,19.2,22.51,Early
COW02299,24.2,22.08,Late
COW02300,20.3,20.62,Mid
COW02301,19.9,20.38,Late
COW02302,14.3,22.4,Mid
COW02303,31.1,20.99,Early
COW02304,15.1,24.3,Mid
COW02305,18.9,25.93,Early
COW02306,30.6,25.77,Mid
COW02307,27.2,15.5,Late
COW02308,24.4,20.99,Mid
COW02309,25.9,22.47,Mid
COW02310,15.7,21.81,Late
COW02311,28.6,14.33,Mid
COW02312,18.5,17.76,Mid
COW02313,31.2,23.61,Mid
COW02314,18.2,20.48,Mid
COW02315,25.3,14.87,Early
COW02316,23.8,16.43,Mid
COW02317,16.6,23.0,Mid
COW02318,20.5,19.41,Early
COW02319,28.1,20.48,Late
COW02320,17.8,18.03,Early
COW02321,31.3,13.55,Mid
COW02322,19.3,23.94,Late
COW02323,25.3,24.09,Mid
COW02324,25.1,22.65,Late
COW02325,22.5,19.13,Late
COW02326,25.8,24.63,Mid
COW02327,27.4,22.07,Late
COW02328,25.1,24.2,Mid
COW02329,24.1,18.46,Mid
COW02330,24.9,19.61,Mid
COW02331,21.2,24.0,Mid
COW02332,15.3,19.26,Mid
COW02333,16.9,22.05,Early
COW02334,24.9,18.88,Mid
COW02335,30.7,22.58,Late
COW02336,14.5,16.72,Late
COW02337,23.8,22.02,Late
COW02338,18.5,21.33,Early
COW02339,24.1,19.56,Mid
COW02340,27.5,22.35,Mid
COW02341,27.2,19.83,Early
COW02342,27.0,19.86,Mid
COW02343,28.0,23.39,Mid
COW02344,15.3,24.2,Late
COW02345,23.2,17.17,Early
COW02346,18.7,18.97,Late
COW02347,30.6,21.41,Late
COW02348,28.1,19.22,Mid
COW02349,15.9,25.9,Early
COW02350,18.4,22.8,Early
COW02351,22.2,21.46,Late
COW02352,31.3,18.92,Early
COW02353,16.0,23.25,Early
COW02354,24.2,20.76,Late
COW02355,20.1,19.04,Mid
COW02356,25.6,23.38,Mid
COW02357,25.7,21.93,Early
COW02358,18.3,17.04,Mid
COW02359,28.1,20.06,Late
COW02360,15.6,23.03,Mid
COW02361,28.7,22.05,Early
COW02362,17.8,21.53,Early
COW02363,24.6,15.5,Mid
COW02364,20.3,14.31,Early
COW02365,25.0,17.37,Late
COW02366,18.8,22.81,Early
COW02367,24.2,12.76,Early
COW02368,14.1,18.62,Late
COW02369,20.7,14.66,Late
COW02370,28.9,18.22,Mid
COW02371,22.3,28.55,Late
COW02372,23.0,19.16,Early
COW02373,25.2,20.47,Mid
COW02374,21.8,25.25,Early
COW02375,29.6,21.4,Mid
COW02376,21.3,21.53,Mid
COW02377,31.0,22.53,Late
COW02378,29.8,21.95,Early
COW02379,21.6,22.36,Mid
COW02380,20.6,18.93,Late
COW02381,26.2,20.65,Mid
COW02382,27.6,23.9,Early
COW02383,17.3,22.4,Mid
COW02384,18.3,23.76,Mid
COW02385,16.6,16.6,Mid
COW02386,27.7,24.72,Mid
COW02387,26.9,24.93,Mid
COW02388,17.4,19.6,Mid
COW02389,23.7,21.96,Mid
COW02390,27.8,20.56,Early
COW02391,31.0,20.02,Early
COW02392,17.2,19.28,Mid
COW02393,19.5,20.12,Late
COW02394,20.3,24.1,Mid
COW02395,25.2,21.3,Early
COW02396,16.5,17.31,Mid
COW02397,17.5,18.45,Mid
COW02398,28.0,21.24,Mid
COW02399,23.8,22.98,Mid
COW02400,16.9,16.64,Late
COW02401,21.0,26.44,Early
COW02402,16.4,22.63,Mid
COW02403,20.5,21.77,Mid
COW02404,21.2,17.98,Mid
COW02405,16.0,19.96,Early
COW02406,15.1,20.98,Mid
COW02407,29.9,26.51,Early
COW02408,30.0,24.4,Mid
COW02409,14.0,20.25,Mid
COW02410,25.5,23.45,Mid
COW02411,15.7,20.89,Late
COW02412,28.6,20.96,Late
COW02413,29.8,21.63,Mid
COW02414,25.1,21.67,Late
COW02415,25.0,23.28,Late
COW02416,20.7,18.77,Early
COW02417,18.5,19.61,Mid
COW02418,23.0,19.14,Mid
COW02419,16.4,20.05,Mid
COW02420,26.1,16.81,Late
COW02421,22.5,24.76,Mid
COW02422,17.2,21.35,Early
COW02423,24.6,19.42,Mid
COW02424,28.3,19.99,Mid
COW02425,24.6,21.36,Mid
COW02426,23.5,20.01,Early
COW02427,29.3,18.33,Mid
COW02428,14.2,18.08,Mid
COW02429,25.1,21.64,Early
COW02430,21.4,15.34,Mid
COW02431,17.5,19.79,Early
COW02432,31.6,17.44,Mid
COW02433,21.3,19.87,Early
COW02434,20.0,22.83,Early
COW02435,17.0,24.23,Mid
COW02436,32.0,16.49,Early
COW02437,29.4,25.7,Early
COW02438,15.3,14.64,Mid
COW02439,24.2,23.73,Early
COW02440,16.7,16.89,Early
COW02441,26.9,26.21,Mid
COW02442,22.7,17.12,Mid
COW02443,16.0,23.75,Mid
COW02444,24.0,22.95,Late
COW02445,30.4,22.67,Mid
COW02446,20.1,19.26,Mid
COW02447,14.9,18.7,Late
COW02448,31.0,22.64,Mid
COW02449,16.6,18.05,Mid
COW02450,22.6,20.81,Mid
COW02451,23.8,25.08,Mid
COW02452,18.3,17.42,Late
COW02453,17.2,19.55,Early
COW02454,16.0,19.7,Late
COW02455,15.3,19.82,Mid
COW02456,23.1,20.03,Mid
COW02457,29.2,24.47,Mid
COW02458,16.3,21.36,Early
COW02459,26.6,19.36,Early
COW02460,21.4,21.16,Late
COW02461,14.6,21.62,Mid
COW02462,23.6,18.01,Late
COW02463,18.5,23.5,Early
COW02464,24.9,22.29,Early
COW02465,20.3,17.08,Mid
COW02466,26.0,26.4,Early
COW02467,30.5,24.08,Mid
COW02468,18.4,16.24,Late
COW02469,30.9,17.26,Late
COW02470,17.7,20.96,Mid
COW02471,15.3,17.28,Mid
COW02472,17.5,25.26,Mid
COW02473,28.7,20.63,Mid
COW02474,26.2,24.61,Mid
COW02475,31.5,19.67,Mid
COW02476,26.8,22.6,Early
COW02477,21.4,24.22,Early
COW02478,30.1,19.26,Late
COW02479,31.2,22.44,Mid
COW02480,28.2,24.64,Late
COW02481,24.0,19.83,Mid
COW02482,28.9,16.64,Mid
COW02483,17.2,18.25,Mid
COW02484,30.2,23.97,Late
COW02485,32.0,22.27,Early
COW02486,26.0,24.83,Mid
COW02487,17.5,17.24,Early
COW02488,16.6,18.1,Early
COW02489,31.3,15.43,Early
COW02490,29.7,27.76,Mid
COW02491,27.5,24.61,Late
COW02492,31.1,21.57,Late
COW02493,23.1,22.1,Mid
COW02494,30.0,17.98,Mid
COW02495,16.9,16.83,Mid
COW02496,17.3,25.27,Early
COW02497,23.2,24.03,Late
COW02498,20.0,17.17,Mid
COW02499,21.8,17.43,Mid
COW02500,28.4,21.74,Early
COW02501,15.0,20.62,Early
COW02502,27.0,27.34,Mid
COW02503,15.6,19.27,Late
COW02504,29.3,16.61,Mid
COW02505,17.6,19.31,Mid
COW02506,27.2,21.33,Mid
COW02507,24.7,17.59,Mid
COW02508,20.9,21.9,Mid
COW02509,18.8,22.32,Early
COW02510,15.0,19.54,Mid
COW02511,20.4,19.73,Mid
COW02512,17.6,20.09,Mid
COW02513,16.4,19.2,Mid
COW02514,27.3,19.2,Early
COW02515,17.8,22.66,Late
COW02516,18.0,19.84,Late
COW02517,20.1,26.33,Late
COW02518,22.3,23.09,Late
COW02519,23.2,17.3,Mid
COW02520,26.0,17.46,Mid
COW02521,24.6,17.05,Mid
COW02522,22.7,24.33,Early
COW02523,21.1,22.4,Late
COW02524,18.8,23.16,Early
COW02525,26.8,20.65,Mid
COW02526,19.7,20.04,Mid
COW02527,29.3,18.53,Late
COW02528,24.6,22.08,Mid
COW02529,25.4,20.42,Mid
COW02530,23.2,21.04,Mid
COW02531,30.7,24.67,Mid
COW02532,21.6,20.71,Mid
COW02533,21.7,23.22,Mid
COW02534,30.1,18.25,Mid
COW02535,24.9,27.18,Early
COW02536,22.1,21.29,Mid
COW02537,18.7,23.22,Late
COW02538,18.4,23.28,Mid
COW02539,28.4,19.24,Mid
COW02540,19.0,23.41,Mid
COW02541,14.1,24.19,Late
COW02542,14.4,19.67,Early
COW02543,31.6,21.83,Early
COW02544,24.1,23.12,Late
COW02545,22.8,20.88,Mid
COW02546,30.5,24.83,Mid
COW02547,20.3,24.0,Mid
COW02548,28.3,20.66,Mid
COW02549,27.0,22.92,Late
COW02550,22.6,17.03,Mid
COW02551,27.9,19.93,Late
COW02552,31.4,22.17,Late
COW02553,17.6,25.09,Mid
COW02554,14.3,21.74,Mid
COW02555,28.8,23.71,Mid
COW02556,21.3,25.26,Late
COW02557,23.8,21.2,Mid
COW02558,18.0,19.03,Early
COW02559,29.2,22.81,Late
COW02560,27.0,20.85,Mid
COW02561,31.2,25.53,Late
COW02562,22.6,17.72,Mid
COW02563,31.6,20.82,Mid
COW02564,23.2,22.57,Mid
COW02565,25.2,19.85,Mid
COW02566,26.1,19.67,Early
COW02567,22.8,22.22,Mid
COW02568,24.1,23.28,Mid
COW02569,18.0,20.23,Late
COW02570,20.5,17.79,Early
COW02571,26.6,23.72,Early
COW02572,14.7,23.31,Mid
COW02573,26.6,24.55,Early
COW02574,19.5,22.89,Early
COW02575,18.9,26.86,Mid
COW02576,26.5,25.94,Mid
COW02577,17.9,19.77,Mid
COW02578,31.3,21.66,Mid
COW02579,31.8,20.21,Late
COW02580,22.2,20.39,Mid
COW02581,21.2,17.94,Mid
COW02582,15.4,20.37,Early
COW02583,28.0,21.77,Late
COW02584,16.9,20.23,Late
COW02585,30.8,18.87,Early
COW02586,31.8,17.41,Mid
COW02587,16.2,25.96,Mid
COW02588,26.3,21.79,Mid
COW02589,22.4,19.32,Mid
COW02590,23.7,21.95,Mid
COW02591,17.2,26.79,Mid
COW02592,27.0,23.67,Late
COW02593,17.0,12.63,Early
COW02594,29.9,28.37,Early
COW02595,22.2,16.24,Early
COW02596,25.4,22.02,Late
COW02597,30.6,19.6,Early
COW02598,27.3,19.87,Early
COW02599,23.7,22.08,Mid
COW02600,21.2,16.55,Mid
COW02601,22.3,21.58,Mid
COW02602,20.2,23.91,Late
COW02603,31.0,19.06,Early
COW02604,18.6,18.41,Mid
COW02605,21.4,21.77,Mid
COW02606,28.0,20.1,Mid
COW02607,20.6,19.4,Late
COW02608,30.0,18.67,Mid
COW02609,18.4,20.75,Early
COW02610,14.6,22.43,Early
COW02611,25.3,18.47,Early
COW02612,23.1,18.13,Late
COW02613,30.8,23.49,Early
COW02614,21.6,16.6,Late
COW02615,16.4,21.45,Early
COW02616,19.9,22.2,Late
COW02617,21.1,19.2,Late
COW02618,24.5,18.38,Early
COW02619,18.9,21.71,Early
COW02620,23.9,22.15,Late
COW02621,30.3,21.91,Early
COW02622,21.6,21.44,Early
COW02623,25.7,22.69,Late
COW02624,18.1,22.39,Late
COW02625,28.4,21.61,Mid
COW02626,18.9,25.49,Late
COW02627,24.4,20.84,Mid
COW02628,19.4,23.46,Mid
COW02629,15.2,20.8,Mid
COW02630,19.8,20.93,Mid
COW02631,17.8,24.66,Mid
COW02632,30.1,20.98,Mid
COW02633,18.8,19.19,Late
COW02634,31.5,19.92,Mid
COW02635,22.9,15.51,Mid
COW02636,18.0,24.46,Mid
COW02637,21.0,24.22,Early
COW02638,17.3,21.32,Mid
COW02639,29.0,21.19,Late
COW02640,16.2,19.72,Mid
COW02641,29.7,16.53,Mid
COW02642,14.8,16.42,Mid
COW02643,19.4,21.56,Late
COW02644,16.5,19.03,Mid
COW02645,26.3,20.96,Early
COW02646,23.2,21.48,Mid
COW02647,30.9,22.58,Mid
COW02648,20.6,26.19,Early
COW02649,14.7,19.33,Mid
COW02650,27.7,21.63,Mid
COW02651,24.4,21.87,Early
COW02652,28.9,23.19,Late
COW02653,21.7,22.2,Late
COW02654,27.3,21.09,Mid
COW02655,17.1,17.05,Early
COW02656,32.0,18.71,Late
COW02657,17.1,24.72,Mid
COW02658,28.9,15.93,Late
COW02659,17.8,23.15,Early
COW02660,28.1,22.19,Early
COW02661,29.5,20.52,Mid
COW02662,29.8,17.41,Late
COW02663,22.6,26.77,Early
COW02664,21.7,25.03,Mid
COW02665,29.0,21.36,Mid
COW02666,24.4,22.18,Late
COW02667,25.2,19.24,Mid
COW02668,18.2,20.13,Late
COW02669,22.0,18.53,Mid
COW02670,20.7,22.44,Late
COW02671,26.0,25.3,Mid
COW02672,17.5,21.63,Early
COW02673,21.3,17.96,Mid
COW02674,29.3,16.86,Mid
COW02675,23.8,21.53,Mid
COW02676,30.1,20.61,Early
COW02677,18.2,22.27,Mid
COW02678,21.9,16.76,Late
COW02679,23.0,23.43,Mid
COW02680,21.2,17.44,Late
COW02681,26.3,23.55,Mid
COW02682,16.7,20.89,Early
COW02683,23.3,25.55,Early
COW02684,16.5,23.49,Mid
COW02685,25.3,24.77,Early
COW02686,28.9,22.41,Mid
COW02687,14.4,27.25,Mid
COW02688,22.2,21.17,Mid
COW02689,22.9,20.28,Late
COW02690,27.0,24.42,Late
COW02691,15.3,25.45,Mid
COW02692,21.3,23.04,Early
COW02693,28.1,19.91,Early
COW02694,23.6,20.23,Mid
COW02695,27.5,23.69,Mid
COW02696,20.6,24.0,Mid
COW02697,30.6,21.34,Mid
COW02698,15.4,19.44,Mid
COW02699,15.6,18.41,Early
COW02700,23.5,22.23,Early
COW02701,22.5,18.06,Mid
COW02702,25.5,23.34,Late
COW02703,18.1,21.63,Mid
COW02704,18.1,18.36,Mid
COW02705,27.5,25.28,Mid
COW02706,19.3,17.02,Mid
COW02707,27.1,24.32,Early
COW02708,25.5,22.46,Early
COW02709,15.5,16.76,Early
COW02710,26.8,24.94,Early
COW02711,29.8,22.64,Mid
COW02712,28.7,20.26,Mid
COW02713,14.2,18.6,Early
COW02714,23.7,16.75,Early
COW02715,30.4,27.19,Early
COW02716,24.8,19.64,Early
COW02717,19.2,18.95,Early
COW02718,17.5,20.44,Early
COW02719,26.3,15.65,Early
COW02720,27.9,20.5,Late
COW02721,30.4,24.36,Mid
COW02722,30.3,20.03,Early
COW02723,20.1,22.7,Mid
COW02724,24.9,21.67,Early
COW02725,15.8,21.06,Mid
COW02726,15.7,20.57,Mid
COW02727,15.3,17.49,Late
COW02728,30.7,19.63,Late
COW02729,16.7,22.13,Mid
COW02730,22.7,20.34,Early
COW02731,21.8,25.13,Mid
COW02732,19.8,23.77,Mid
COW02733,23.7,17.49,Mid
COW02734,14.1,19.84,Early
COW02735,20.8,19.19,Mid
COW02736,22.6,27.44,Mid
COW02737,28.5,16.5,Mid
COW02738,26.6,19.32,Mid
COW02739,29.3,21.85,Mid
COW02740,20.8,19.6,Mid
COW02741,16.5,17.06,Mid
COW02742,21.2,25.12,Early
COW02743,31.3,24.39,Early
COW02744,17.9,24.14,Late
COW02745,17.1,22.71,Mid
COW02746,31.0,23.08,Mid
COW02747,31.1,26.43,Mid
COW02748,16.7,25.92,Mid
COW02749,27.9,26.6,Mid
COW02750,21.7,23.99,Early
COW02751,22.9,18.61,Mid
COW02752,23.0,24.43,Mid
COW02753,31.4,23.45,Early
COW02754,17.3,25.73,Mid
COW02755,27.9,20.37,Early
COW02756,14.1,23.99,Early
COW02757,25.3,20.56,Late
COW02758,25.7,24.28,Late
COW02759,27.6,20.65,Early
COW02760,30.7,23.1,Mid
COW02761,27.6,18.55,Early
COW02762,27.2,26.5,Mid
COW02763,18.6,19.06,Mid
COW02764,31.9,20.46,Mid
COW02765,22.4,27.02,Mid
COW02766,21.5,20.8,Mid
COW02767,23.0,23.77,Late
COW02768,21.1,21.26,Early
COW02769,24.7,22.55,Early
COW02770,20.3,28.47,Mid
COW02771,18.3,20.59,Mid
COW02772,30.7,18.35,Early
COW02773,30.7,27.8,Mid
COW02774,22.9,22.16,Mid
COW02775,31.3,17.72,Mid
COW02776,21.5,20.07,Late
COW02777,21.0,18.48,Mid
COW02778,30.5,16.86,Mid
COW02779,25.4,19.46,Mid
COW02780,27.7,21.04,Early
COW02781,21.4,23.39,Mid
COW02782,21.3,22.27,Late
COW02783,15.5,22.3,Late
COW02784,31.4,19.33,Late
COW02785,18.1,22.42,Mid
COW02786,22.9,24.76,Mid
COW02787,16.1,21.35,Early
COW02788,25.6,19.94,Late
COW02789,21.0,19.8,Mid
COW02790,27.8,23.63,Early
COW02791,23.5,24.48,Late
COW02792,16.3,23.03,Mid
COW02793,14.2,18.49,Late
COW02794,17.8,18.78,Mid
COW02795,27.0,21.24,Late
COW02796,28.9,18.89,Mid
COW02797,20.1,24.47,Mid
COW02798,23.6,23.92,Mid
COW02799,18.3,23.62,Early
COW02800,29.8,22.86,Early
COW02801,31.4,20.51,Late
COW02802,27.6,19.38,Late
COW02803,15.6,19.3,Late
COW02804,21.9,19.44,Early
COW02805,31.8,25.18,Early
COW02806,18.1,25.24,Late
COW02807,26.1,23.61,Early
COW02808,30.9,23.06,Mid
COW02809,27.9,17.07,Mid
COW02810,25.0,21.05,Late
COW02811,23.1,18.06,Mid
COW02812,30.7,25.15,Early
COW02813,21.1,18.91,Mid
COW02814,30.2,22.03,Early
COW02815,21.8,17.56,Mid
COW02816,27.6,22.5,Mid
COW02817,30.5,22.92,Mid
COW02818,23.9,22.48,Mid
COW02819,19.6,20.7,Early
COW02820,14.9,25.01,Early
COW02821,28.6,17.49,Late
COW02822,25.2,21.67,Mid
COW02823,18.7,23.18,Mid
COW02824,29.8,22.23,Mid
COW02825,30.6,21.86,Late
COW02826,30.0,20.0,Mid
COW02827,24.8,23.14,Early
COW02828,31.6,18.95,Mid
COW02829,29.7,18.32,Mid
COW02830,15.9,22.4,Mid
COW02831,31.7,19.05,Late
COW02832,23.9,16.69,Mid
COW02833,30.6,26.36,Late
COW02834,27.7,18.76,Mid
COW02835,25.7,21.68,Mid
COW02836,19.9,19.35,Mid
COW02837,14.5,20.0,Mid
COW02838,19.0,20.19,Early
COW02839,26.3,22.76,Mid
COW02840,29.5,21.43,Early
COW02841,14.0,25.28,Early
COW02842,17.7,19.49,Late
COW02843,26.1,26.43,Early
COW02844,19.1,16.87,Late
COW02845,16.6,17.66,Mid
COW02846,15.5,26.12,Mid
COW02847,25.5,24.63,Late
COW02848,24.7,22.25,Mid
COW02849,29.5,20.18,Late
COW02850,19.7,22.44,Early
COW02851,16.5,22.25,Mid
COW02852,28.4,17.86,Mid
COW02853,31.8,22.34,Mid
COW02854,20.5,23.37,Mid
COW02855,29.6,23.52,Mid
COW02856,27.7,26.77,Early
COW02857,30.4,21.98,Early
COW02858,21.6,17.77,Late
COW02859,15.8,28.93,Mid
COW02860,16.1,17.42,Mid
COW02861,27.7,22.23,Mid
COW02862,29.5,19.48,Late
COW02863,22.2,20.83,Late
COW02864,15.1,21.07,Early
COW02865,15.2,19.87,Late
COW02866,24.8,23.51,Mid
COW02867,30.5,18.91,Mid
COW02868,21.2,21.62,Late
COW02869,25.7,17.12,Mid
COW02870,23.8,22.34,Early
COW02871,30.0,19.67,Mid
COW02872,29.0,27.68,Late
COW02873,17.6,21.12,Early
COW02874,26.2,16.68,Mid
COW02875,29.3,24.38,Mid
COW02876,30.7,23.06,Mid
COW02877,24.6,20.48,Mid
COW02878,17.2,20.4,Mid
COW02879,24.0,18.51,Mid
COW02880,26.0,22.64,Mid
COW02881,18.9,22.08,Late
COW02882,31.5,17.35,Late
COW02883,18.1,20.17,Early
COW02884,30.4,23.83,Mid
COW02885,21.7,21.18,Mid
COW02886,14.0,18.18,Early
COW02887,23.8,15.24,Mid
COW02888,25.3,18.55,Mid
COW02889,29.6,25.0,Early
COW02890,23.7,20.08,Mid
COW02891,15.7,16.48,Mid
COW02892,30.7,22.43,Mid
COW02893,24.2,20.3,Late
COW02894,18.9,18.89,Early
COW02895,30.2,18.48,Mid
COW02896,16.2,19.95,Mid
COW02897,15.8,24.17,Mid
COW02898,23.6,21.83,Mid
COW02899,25.2,23.77,Early
COW02900,23.2,22.65,Early
COW02901,30.7,22.78,Mid
COW02902,18.7,19.96,Early
COW02903,31.8,20.71,Late
COW02904,14.3,22.61,Mid
COW02905,16.1,25.95,Early
COW02906,17.3,19.18,Mid
COW02907,15.4,20.53,Late
COW02908,21.9,22.25,Early
COW02909,29.6,26.73,Mid
COW02910,28.8,23.19,Early
COW02911,27.4,17.5,Late
COW02912,14.1,23.73,Mid
COW02913,29.6,22.68,Mid
COW02914,21.1,24.94,Mid
COW02915,27.2,21.44,Mid
COW02916,27.1,17.19,Mid
COW02917,17.2,22.47,Early
COW02918,23.3,23.6,Early
COW02919,30.7,20.09,Early
COW02920,18.7,22.51,Mid
COW02921,26.9,18.06,Late
COW02922,31.2,22.45,Early
COW02923,20.5,21.61,Late
COW02924,21.0,19.92,Late
COW02925,22.1,19.42,Early
COW02926,28.6,21.91,Early
COW02927,21.9,20.41,Mid
COW02928,22.8,19.09,Early
COW02929,18.0,18.96,Mid
COW02930,31.8,24.1,Mid
COW02931,30.1,23.06,Mid
COW02932,24.8,16.72,Mid
COW02933,31.3,14.52,Early
COW02934,26.4,23.08,Late
COW02935,31.3,22.47,Mid
COW02936,16.9,22.29,Mid
COW02937,18.1,23.47,Mid
COW02938,29.9,22.56,Early
COW02939,21.6,19.82,Late
COW02940,20.7,21.08,Mid
COW02941,27.6,19.77,Late
COW02942,25.3,22.1,Late
COW02943,20.2,25.63,Mid
COW02944,21.2,21.26,Mid
COW02945,21.4,25.09,Mid
COW02946,16.3,22.21,Early
COW02947,18.1,22.87,Late
COW02948,23.7,27.7,Mid
COW02949,28.1,24.23,Late
COW02950,21.5,25.26,Mid
COW02951,20.9,19.58,Early
COW02952,25.7,27.45,Mid
COW02953,16.8,20.65,Early
COW02954,20.9,20.31,Early
COW02955,17.7,14.81,Mid
COW02956,25.7,22.12,Early
COW02957,16.0,19.26,Late
COW02958,22.1,23.09,Mid
COW02959,24.7,20.06,Mid
COW02960,29.0,26.92,Early
COW02961,27.0,23.65,Early
COW02962,31.0,25.45,Mid
COW02963,26.2,16.71,Mid
COW02964,20.3,24.65,Mid
COW02965,18.2,17.98,Mid
COW02966,15.0,21.56,Early
COW02967,19.0,17.92,Mid
COW02968,16.5,20.46,Mid
COW02969,20.6,19.07,Early
COW02970,26.6,19.46,Mid
COW02971,26.5,15.08,Early
COW02972,19.7,21.19,Early
COW02973,23.2,21.77,Mid
COW02974,17.9,24.3,Mid
COW02975,23.1,23.19,Late
COW02976,23.2,24.2,Late
COW02977,19.4,18.5,Mid
COW02978,18.7,18.65,Mid
COW02979,31.6,22.51,Mid
COW02980,23.7,22.94,Early
COW02981,24.1,15.65,Late
COW02982,14.1,23.94,Mid
COW02983,17.3,19.29,Mid
COW02984,20.4,19.91,Mid
COW02985,31.4,21.98,Mid
COW02986,17.2,22.15,Mid
COW02987,19.5,20.38,Early
COW02988,31.8,21.33,Late
COW02989,22.7,18.89,Early
COW02990,19.7,19.89,Late
COW02991,25.4,24.31,Mid
COW02992,22.9,19.97,Late
COW02993,31.2,24.3,Late
COW02994,15.5,23.54,Mid
COW02995,28.2,22.64,Late
COW02996,19.0,16.43,Early
COW02997,28.5,18.75,Early
COW02998,29.3,19.33,Mid
COW02999,29.3,20.13,Mid
